nom,region,departement,email,groupe,circonscription
M. Abdelkader Lahmar,Auvergne-Rhône-Alpes,Rhône,abdelkader.lahmar@assemblee-nationale.fr,La France insoumise - Nouveau Front Populaire,Rhône (7e circonscription)
M. Alexandre Portier,Auvergne-Rhône-Alpes,Rhône,alexandre.portier@assemblee-nationale.fr,Droite Républicaine,Rhône (9e circonscription)
M. Alexis Jolly,Auvergne-Rhône-Alpes,Isère,alexis.jolly@assemblee-nationale.fr,Rassemblement National,Isère (6e circonscription)
M. Alim Latrèche,Auvergne-Rhône-Alpes,Isère,alim.latreche@assemblee-nationale.fr,Ensemble pour la République,Isère (1re circonscription)
M. Antoine Valentin,Auvergne-Rhône-Alpes,Haute-Savoie,antoine.valentin@assemblee-nationale.fr,Union des droites pour la République,Haute-Savoie (3e circonscription)
M. Antoine Vermorel-Marques,Auvergne-Rhône-Alpes,Loire,antoine.vermorel@assemblee-nationale.fr,Droite Républicaine,Loire (5e circonscription)
M. Boris Tavernier,Auvergne-Rhône-Alpes,Rhône,boris.tavernier@assemblee-nationale.fr,Écologiste et Social,Rhône (2e circonscription)
M. Cyrille Isaac-Sibille,Auvergne-Rhône-Alpes,Rhône,Cyrille.Isaac-Sibille@assemblee-nationale.fr,Les Démocrates,Rhône (12e circonscription)
M. Didier Padey,Auvergne-Rhône-Alpes,Savoie,didier.padey@assemblee-nationale.fr,Les Démocrates,Savoie (1re circonscription)
M. Emmanuel Mandon,Auvergne-Rhône-Alpes,Loire,emmanuel.mandon@assemblee-nationale.fr,Les Démocrates,Loire (3e circonscription)
M. Fabrice Brun,Auvergne-Rhône-Alpes,Ardèche,Fabrice.Brun@assemblee-nationale.fr,Droite Républicaine,Ardèche (3e circonscription)
M. Gabriel Amard,Auvergne-Rhône-Alpes,Rhône,gabriel.amard@assemblee-nationale.fr,La France insoumise - Nouveau Front Populaire,Rhône (6e circonscription)
M. Hervé Saulignac,Auvergne-Rhône-Alpes,Ardèche,Herve.Saulignac@assemblee-nationale.fr,Socialistes et apparentés,Ardèche (1re circonscription)
M. Idir Boumertit,Auvergne-Rhône-Alpes,Rhône,idir.boumertit@assemblee-nationale.fr,La France insoumise - Nouveau Front Populaire,Rhône (14e circonscription)
M. Jean-François Coulomme,Auvergne-Rhône-Alpes,Savoie,jean-francois.coulomme@assemblee-nationale.fr,La France insoumise - Nouveau Front Populaire,Savoie (4e circonscription)
M. Jean-Luc Fugit,Auvergne-Rhône-Alpes,Rhône,Jean-Luc.Fugit@assemblee-nationale.fr,Ensemble pour la République,Rhône (11e circonscription)
M. Jean-Pierre Vigier,Auvergne-Rhône-Alpes,Haute-Loire,Jean-Pierre.Vigier@assemblee-nationale.fr,Droite Républicaine,Haute-Loire (2e circonscription)
M. Jean-Yves Bonnefoy,Auvergne-Rhône-Alpes,Loire,jean-yves.bonnefoy@assemblee-nationale.fr,Droite Républicaine,Loire (6e circonscription)
M. Jean-Yves Bony,Auvergne-Rhône-Alpes,Cantal,Jean-Yves.Bony@assemblee-nationale.fr,Droite Républicaine,Cantal (2e circonscription)
M. Jonathan Gery,Auvergne-Rhône-Alpes,Rhône,jonathan.gery@assemblee-nationale.fr,Rassemblement National,Rhône (8e circonscription)
M. Jorys Bovet,Auvergne-Rhône-Alpes,Allier,jorys.bovet@assemblee-nationale.fr,Rassemblement National,Allier (2e circonscription)
M. Julien Brugerolles,Auvergne-Rhône-Alpes,Puy-de-Dôme,julien.brugerolles@assemblee-nationale.fr,Gauche Démocrate et Républicaine,Puy-de-Dôme (5e circonscription)
M. Jérémie Iordanoff,Auvergne-Rhône-Alpes,Isère,jeremie.iordanoff@assemblee-nationale.fr,Écologiste et Social,Isère (5e circonscription)
M. Jérôme Buisson,Auvergne-Rhône-Alpes,Ain,jerome.buisson@assemblee-nationale.fr,Rassemblement National,Ain (4e circonscription)
M. Laurent Wauquiez,Auvergne-Rhône-Alpes,Haute-Loire,laurent.wauquiez@assemblee-nationale.fr,Droite Républicaine,Haute-Loire (1re circonscription)
M. Marc Chavent,Auvergne-Rhône-Alpes,Ain,marc.chavent@assemblee-nationale.fr,Union des droites pour la République,Ain (5e circonscription)
M. Nicolas Bonnet,Auvergne-Rhône-Alpes,Puy-de-Dôme,nicolas.bonnet@assemblee-nationale.fr,Écologiste et Social,Puy-de-Dôme (3e circonscription)
M. Nicolas Ray,Auvergne-Rhône-Alpes,Allier,nicolas.ray@assemblee-nationale.fr,Droite Républicaine,Allier (3e circonscription)
M. Paul Christophle,Auvergne-Rhône-Alpes,Drôme,paul.christophle@assemblee-nationale.fr,Socialistes et apparentés,Drôme (1re circonscription)
M. Pierrick Courbon,Auvergne-Rhône-Alpes,Loire,pierrick.courbon@assemblee-nationale.fr,Socialistes et apparentés,Loire (1re circonscription)
M. Romain Daubié,Auvergne-Rhône-Alpes,Ain,romain.daubie@assemblee-nationale.fr,Les Démocrates,Ain (2e circonscription)
M. Thibaut Monnier,Auvergne-Rhône-Alpes,Drôme,thibaut.monnier@assemblee-nationale.fr,Rassemblement National,Drôme (4e circonscription)
M. Thierry Perez,Auvergne-Rhône-Alpes,Isère,thierry.perez@assemblee-nationale.fr,Rassemblement National,Isère (10e circonscription)
M. Thomas Gassilloud,Auvergne-Rhône-Alpes,Rhône,Thomas.Gassilloud@assemblee-nationale.fr,Ensemble pour la République,Rhône (10e circonscription)
M. Vincent Descoeur,Auvergne-Rhône-Alpes,Cantal,Vincent.Descoeur@assemblee-nationale.fr,Droite Républicaine,Cantal (1re circonscription)
M. Vincent Rolland,Auvergne-Rhône-Alpes,Savoie,Vincent.Rolland@assemblee-nationale.fr,Droite Républicaine,Savoie (2e circonscription)
M. Vincent Trébuchet,Auvergne-Rhône-Alpes,Ardèche,vincent.trebuchet@assemblee-nationale.fr,Union des droites pour la République,Ardèche (2e circonscription)
M. Xavier Breton,Auvergne-Rhône-Alpes,Ain,Xavier.Breton@assemblee-nationale.fr,Droite Républicaine,Ain (1re circonscription)
M. Xavier Roseren,Auvergne-Rhône-Alpes,Haute-Savoie,Xavier.Roseren@assemblee-nationale.fr,Horizons & Indépendants,Haute-Savoie (6e circonscription)
M. Yannick Monnet,Auvergne-Rhône-Alpes,Allier,yannick.monnet@assemblee-nationale.fr,Gauche Démocrate et Républicaine,Allier (1re circonscription)
M. Yannick Neuder,Auvergne-Rhône-Alpes,Isère,yannick.neuder@assemblee-nationale.fr,Droite Républicaine,Isère (7e circonscription)
Mme Anaïs Belouassa-Cherifi,Auvergne-Rhône-Alpes,Rhône,anais.belouassa@assemblee-nationale.fr,La France insoumise - Nouveau Front Populaire,Rhône (1re circonscription)
Mme Andrée Taurinya,Auvergne-Rhône-Alpes,Loire,andree.taurinya@assemblee-nationale.fr,La France insoumise - Nouveau Front Populaire,Loire (2e circonscription)
Mme Anne-Cécile Violland,Auvergne-Rhône-Alpes,Haute-Savoie,anne-cecile.violland@assemblee-nationale.fr,Horizons & Indépendants,Haute-Savoie (5e circonscription)
Mme Blandine Brocard,Auvergne-Rhône-Alpes,Rhône,Blandine.Brocard@assemblee-nationale.fr,Les Démocrates,Rhône (5e circonscription)
Mme Christine Pirès Beaune,Auvergne-Rhône-Alpes,Puy-de-Dôme,Christine.PiresBeaune@assemblee-nationale.fr,Socialistes et apparentés,Puy-de-Dôme (2e circonscription)
Mme Cyrielle Chatelain,Auvergne-Rhône-Alpes,Isère,cyrielle.chatelain@assemblee-nationale.fr,Écologiste et Social,Isère (2e circonscription)
Mme Danièle Carteron,Auvergne-Rhône-Alpes,Haute-Savoie,daniele.carteron@assemblee-nationale.fr,Ensemble pour la République,Haute-Savoie (2e circonscription)
Mme Delphine Lingemann,Auvergne-Rhône-Alpes,Puy-de-Dôme,delphine.lingemann@assemblee-nationale.fr,Les Démocrates,Puy-de-Dôme (4e circonscription)
Mme Hanane Mansouri,Auvergne-Rhône-Alpes,Isère,hanane.mansouri@assemblee-nationale.fr,Union des droites pour la République,Isère (8e circonscription)
Mme Lisette Pollet,Auvergne-Rhône-Alpes,Drôme,lisette.pollet@assemblee-nationale.fr,Rassemblement National,Drôme (2e circonscription)
Mme Marianne Maximi,Auvergne-Rhône-Alpes,Puy-de-Dôme,marianne.maximi@assemblee-nationale.fr,La France insoumise - Nouveau Front Populaire,Puy-de-Dôme (1re circonscription)
Mme Marie Pochon,Auvergne-Rhône-Alpes,Drôme,marie.pochon@assemblee-nationale.fr,Écologiste et Social,Drôme (3e circonscription)
Mme Marie-Charlotte Garin,Auvergne-Rhône-Alpes,Rhône,marie-charlotte.garin@assemblee-nationale.fr,Écologiste et Social,Rhône (3e circonscription)
Mme Marie-Noëlle Battistel,Auvergne-Rhône-Alpes,Isère,Marie-Noelle.Battistel@assemblee-nationale.fr,Socialistes et apparentés,Isère (4e circonscription)
Mme Olga Givernet,Auvergne-Rhône-Alpes,Ain,Olga.Givernet@assemblee-nationale.fr,Ensemble pour la République,Ain (3e circonscription)
Mme Sandrine Nosbé,Auvergne-Rhône-Alpes,Isère,sandrine.nosbe@assemblee-nationale.fr,La France insoumise - Nouveau Front Populaire,Isère (9e circonscription)
Mme Sandrine Runel,Auvergne-Rhône-Alpes,Rhône,sandrine.runel@assemblee-nationale.fr,Socialistes et apparentés,Rhône (4e circonscription)
Mme Sylvie Bonnet,Auvergne-Rhône-Alpes,Loire,sylvie.bonnet@assemblee-nationale.fr,Droite Républicaine,Loire (4e circonscription)
Mme Tiffany Joncour,Auvergne-Rhône-Alpes,Rhône,tiffany.joncour@assemblee-nationale.fr,Rassemblement National,Rhône (13e circonscription)
Mme Virginie Duby-Muller,Auvergne-Rhône-Alpes,Haute-Savoie,Virginie.Duby-Muller@assemblee-nationale.fr,Droite Républicaine,Haute-Savoie (4e circonscription)
Mme Véronique Riotton,Auvergne-Rhône-Alpes,Haute-Savoie,Veronique.Riotton@assemblee-nationale.fr,Ensemble pour la République,Haute-Savoie (1re circonscription)
Mme Élisa Martin,Auvergne-Rhône-Alpes,Isère,elisa.martin@assemblee-nationale.fr,La France insoumise - Nouveau Front Populaire,Isère (3e circonscription)
Mme Émilie Bonnivard,Auvergne-Rhône-Alpes,Savoie,Emilie.Bonnivard@assemblee-nationale.fr,Droite Républicaine,Savoie (3e circonscription)
M. Antoine Villedieu,Bourgogne-Franche-Comté,Haute-Saône,antoine.villedieu@assemblee-nationale.fr,Rassemblement National,Haute-Saône (1re circonscription)
M. Aurélien Dutremble,Bourgogne-Franche-Comté,Saône-et-Loire,aurelien.dutremble@assemblee-nationale.fr,Rassemblement National,Saône-et-Loire (3e circonscription)
M. Benjamin Dirx,Bourgogne-Franche-Comté,Saône-et-Loire,Benjamin.Dirx@assemblee-nationale.fr,Ensemble pour la République,Saône-et-Loire (1re circonscription)
M. Daniel Grenon,Bourgogne-Franche-Comté,Yonne,daniel.grenon@assemblee-nationale.fr,Non inscrit,Yonne (1re circonscription)
M. Emeric Salmon,Bourgogne-Franche-Comté,Haute-Saône,emeric.salmon@assemblee-nationale.fr,Rassemblement National,Haute-Saône (2e circonscription)
M. Eric Liégeon,Bourgogne-Franche-Comté,Doubs,eric.liegeon@assemblee-nationale.fr,Droite Républicaine,Doubs (5e circonscription)
M. Guillaume Bigot,Bourgogne-Franche-Comté,Territoire de Belfort,guillaume.bigot@assemblee-nationale.fr,Rassemblement National,Territoire de Belfort (2e circonscription)
M. Hubert Brigand,Bourgogne-Franche-Comté,Côte-d'Or,hubert.brigand@assemblee-nationale.fr,Droite Républicaine,Côte-d'Or (4e circonscription)
M. Ian Boucard,Bourgogne-Franche-Comté,Territoire de Belfort,Ian.Boucard@assemblee-nationale.fr,Droite Républicaine,Territoire de Belfort (1re circonscription)
M. Julien Guibert,Bourgogne-Franche-Comté,Nièvre,julien.guibert@assemblee-nationale.fr,Rassemblement National,Nièvre (2e circonscription)
M. Julien Odoul,Bourgogne-Franche-Comté,Yonne,julien.odoul@assemblee-nationale.fr,Rassemblement National,Yonne (3e circonscription)
M. Laurent Croizier,Bourgogne-Franche-Comté,Doubs,laurent.croizier@assemblee-nationale.fr,Les Démocrates,Doubs (1re circonscription)
M. Lionel Duparay,Bourgogne-Franche-Comté,Saône-et-Loire,lionel.duparay@assemblee-nationale.fr,Droite Républicaine,Saône-et-Loire (5e circonscription)
M. Matthieu Bloch,Bourgogne-Franche-Comté,Doubs,matthieu.bloch@assemblee-nationale.fr,Union des droites pour la République,Doubs (3e circonscription)
M. Pierre Pribetich,Bourgogne-Franche-Comté,Côte-d'Or,pierre.pribetich@assemblee-nationale.fr,Socialistes et apparentés,Côte-d'Or (3e circonscription)
M. René Lioret,Bourgogne-Franche-Comté,Côte-d'Or,rene.lioret@assemblee-nationale.fr,Rassemblement National,Côte-d'Or (5e circonscription)
M. Éric Michoux,Bourgogne-Franche-Comté,Saône-et-Loire,eric.michoux@assemblee-nationale.fr,Union des droites pour la République,Saône-et-Loire (4e circonscription)
Mme Catherine Hervieu,Bourgogne-Franche-Comté,Côte-d'Or,catherine.hervieu@assemblee-nationale.fr,Écologiste et Social,Côte-d'Or (2e circonscription)
Mme Danielle Brulebois,Bourgogne-Franche-Comté,Jura,Danielle.Brulebois@assemblee-nationale.fr,Ensemble pour la République,Jura (1re circonscription)
Mme Dominique Voynet,Bourgogne-Franche-Comté,Doubs,dominique.voynet@assemblee-nationale.fr,Écologiste et Social,Doubs (2e circonscription)
Mme Géraldine Grangier,Bourgogne-Franche-Comté,Doubs,geraldine.grangier@assemblee-nationale.fr,Rassemblement National,Doubs (4e circonscription)
Mme Josiane Corneloup,Bourgogne-Franche-Comté,Saône-et-Loire,Josiane.Corneloup@assemblee-nationale.fr,Droite Républicaine,Saône-et-Loire (2e circonscription)
Mme Justine Gruet,Bourgogne-Franche-Comté,Jura,justine.gruet@assemblee-nationale.fr,Droite Républicaine,Jura (3e circonscription)
Mme Marie-Christine Dalloz,Bourgogne-Franche-Comté,Jura,Marie-Christine.Dalloz@assemblee-nationale.fr,Droite Républicaine,Jura (2e circonscription)
Mme Océane Godard,Bourgogne-Franche-Comté,Côte-d'Or,oceane.godard@assemblee-nationale.fr,Socialistes et apparentés,Côte-d'Or (1re circonscription)
Mme Perrine Goulet,Bourgogne-Franche-Comté,Nièvre,Perrine.Goulet@assemblee-nationale.fr,Les Démocrates,Nièvre (1re circonscription)
Mme Sophie-Laurence Roy,Bourgogne-Franche-Comté,Yonne,sophie-laurence.roy@assemblee-nationale.fr,Rassemblement National,Yonne (2e circonscription)
M. Corentin Le Fur,Bretagne,Côtes-d'Armor,corentin.lefur@assemblee-nationale.fr,Droite Républicaine,Côtes-d'Armor (3e circonscription)
M. Damien Girard,Bretagne,Morbihan,damien.girard@assemblee-nationale.fr,Écologiste et Social,Morbihan (5e circonscription)
M. Didier Le Gac,Bretagne,Finistère,Didier.LeGac@assemblee-nationale.fr,Ensemble pour la République,Finistère (3e circonscription)
M. Erwan Balanant,Bretagne,Finistère,Erwan.Balanant@assemblee-nationale.fr,Les Démocrates,Finistère (8e circonscription)
M. Jean-Luc Bourgeaux,Bretagne,Ille-et-Vilaine,jean-luc.bourgeaux@assemblee-nationale.fr,Droite Républicaine,Ille-et-Vilaine (7e circonscription)
M. Jean-Michel Jacques,Bretagne,Morbihan,Jean-Michel.Jacques@assemblee-nationale.fr,Ensemble pour la République,Morbihan (6e circonscription)
M. Jimmy Pahun,Bretagne,Morbihan,Jimmy.Pahun@assemblee-nationale.fr,Les Démocrates,Morbihan (2e circonscription)
M. Michel Criaud,Bretagne,Morbihan,michel.criaud@assemblee-nationale.fr,Horizons & Indépendants,Morbihan (1re circonscription)
M. Mickaël Bouloux,Bretagne,Ille-et-Vilaine,mickael.bouloux@assemblee-nationale.fr,Socialistes et apparentés,Ille-et-Vilaine (8e circonscription)
M. Mickaël Cosson,Bretagne,Côtes-d'Armor,mickael.cosson@assemblee-nationale.fr,Les Démocrates,Côtes-d'Armor (1re circonscription)
M. Paul Molac,Bretagne,Morbihan,Paul.Molac@assemblee-nationale.fr,"Libertés, Indépendants, Outre-mer et Territoires",Morbihan (4e circonscription)
M. Pierre-Yves Cadalen,Bretagne,Finistère,pierre-yves.cadalen@assemblee-nationale.fr,La France insoumise - Nouveau Front Populaire,Finistère (2e circonscription)
M. Thierry Benoit,Bretagne,Ille-et-Vilaine,Thierry.Benoit@assemblee-nationale.fr,Horizons & Indépendants,Ille-et-Vilaine (6e circonscription)
M. Tristan Lahais,Bretagne,Ille-et-Vilaine,tristan.lahais@assemblee-nationale.fr,Écologiste et Social,Ille-et-Vilaine (2e circonscription)
M. Éric Bothorel,Bretagne,Côtes-d'Armor,Eric.Bothorel@assemblee-nationale.fr,Ensemble pour la République,Côtes-d'Armor (5e circonscription)
Mme Annaïg Le Meur,Bretagne,Finistère,Annaig.LeMeur@assemblee-nationale.fr,Ensemble pour la République,Finistère (1re circonscription)
Mme Chantal Bouloux,Bretagne,Côtes-d'Armor,chantal.bouloux@assemblee-nationale.fr,Ensemble pour la République,Côtes-d'Armor (2e circonscription)
Mme Christine Le Nabour,Bretagne,Ille-et-Vilaine,Christine.lenabour@assemblee-nationale.fr,Horizons & Indépendants,Ille-et-Vilaine (5e circonscription)
Mme Claudia Rouaux,Bretagne,Ille-et-Vilaine,claudia.rouaux@assemblee-nationale.fr,Socialistes et apparentés,Ille-et-Vilaine (3e circonscription)
Mme Graziella Melchior,Bretagne,Finistère,Graziella.Melchior@assemblee-nationale.fr,Ensemble pour la République,Finistère (5e circonscription)
Mme Liliana Tanguy,Bretagne,Finistère,Liliana.Tanguy@assemblee-nationale.fr,Ensemble pour la République,Finistère (7e circonscription)
Mme Marie Mesmeur,Bretagne,Ille-et-Vilaine,marie.mesmeur@assemblee-nationale.fr,La France insoumise - Nouveau Front Populaire,Ille-et-Vilaine (1re circonscription)
Mme Mathilde Hignet,Bretagne,Ille-et-Vilaine,mathilde.hignet@assemblee-nationale.fr,La France insoumise - Nouveau Front Populaire,Ille-et-Vilaine (4e circonscription)
Mme Murielle Lepvraud,Bretagne,Côtes-d'Armor,murielle.lepvraud@assemblee-nationale.fr,La France insoumise - Nouveau Front Populaire,Côtes-d'Armor (4e circonscription)
Mme Mélanie Thomin,Bretagne,Finistère,melanie.thomin@assemblee-nationale.fr,Socialistes et apparentés,Finistère (6e circonscription)
Mme Nicole Le Peih,Bretagne,Morbihan,Nicole.LePeih@assemblee-nationale.fr,Ensemble pour la République,Morbihan (3e circonscription)
Mme Sandrine Le Feur,Bretagne,Finistère,Sandrine.LeFeur@assemblee-nationale.fr,Ensemble pour la République,Finistère (4e circonscription)
M. Anthony Brosse,Centre-Val de Loire,Loiret,anthony.brosse@assemblee-nationale.fr,Ensemble pour la République,Loiret (5e circonscription)
M. Charles Fournier,Centre-Val de Loire,Indre-et-Loire,charles.fournier@assemblee-nationale.fr,Écologiste et Social,Indre-et-Loire (1re circonscription)
M. Christophe Marion,Centre-Val de Loire,Loir-et-Cher,christophe.marion@assemblee-nationale.fr,Ensemble pour la République,Loir-et-Cher (3e circonscription)
M. Daniel Labaronne,Centre-Val de Loire,Indre-et-Loire,Daniel.Labaronne@assemblee-nationale.fr,Ensemble pour la République,Indre-et-Loire (2e circonscription)
M. Emmanuel Duplessy,Centre-Val de Loire,Loiret,emmanuel.duplessy@assemblee-nationale.fr,Écologiste et Social,Loiret (2e circonscription)
M. François Cormier-Bouligeon,Centre-Val de Loire,Cher,Francois.Cormier-Bouligeon@assemblee-nationale.fr,Ensemble pour la République,Cher (1re circonscription)
M. François Jolivet,Centre-Val de Loire,Indre,Francois.Jolivet@assemblee-nationale.fr,Horizons & Indépendants,Indre (1re circonscription)
M. Guillaume Kasbarian,Centre-Val de Loire,Eure-et-Loir,Guillaume.Kasbarian@assemblee-nationale.fr,Ensemble pour la République,Eure-et-Loir (1re circonscription)
M. Harold Huwart,Centre-Val de Loire,Eure-et-Loir,harold.huwart@assemblee-nationale.fr,"Libertés, Indépendants, Outre-mer et Territoires",Eure-et-Loir (3e circonscription)
M. Henri Alfandari,Centre-Val de Loire,Indre-et-Loire,henri.alfandari@assemblee-nationale.fr,Horizons & Indépendants,Indre-et-Loire (3e circonscription)
M. Laurent Baumel,Centre-Val de Loire,Indre-et-Loire,laurent.baumel@assemblee-nationale.fr,Socialistes et apparentés,Indre-et-Loire (4e circonscription)
M. Loïc Kervran,Centre-Val de Loire,Cher,Loic.Kervran@assemblee-nationale.fr,Horizons & Indépendants,Cher (3e circonscription)
M. Marc Fesneau,Centre-Val de Loire,Loir-et-Cher,marc.fesneau@assemblee-nationale.fr,Les Démocrates,Loir-et-Cher (1re circonscription)
M. Nicolas Sansu,Centre-Val de Loire,Cher,nicolas.sansu@assemblee-nationale.fr,Gauche Démocrate et Républicaine,Cher (2e circonscription)
M. Philippe Vigier,Centre-Val de Loire,Eure-et-Loir,Philippe.Vigier@assemblee-nationale.fr,Les Démocrates,Eure-et-Loir (4e circonscription)
M. Richard Ramos,Centre-Val de Loire,Loiret,Richard.Ramos@assemblee-nationale.fr,Les Démocrates,Loiret (6e circonscription)
M. Roger Chudeau,Centre-Val de Loire,Loir-et-Cher,roger.chudeau@assemblee-nationale.fr,Rassemblement National,Loir-et-Cher (2e circonscription)
M. Thomas Ménagé,Centre-Val de Loire,Loiret,thomas.menage@assemblee-nationale.fr,Rassemblement National,Loiret (4e circonscription)
Mme Alix Fruchon,Centre-Val de Loire,Indre,alix.fruchon@assemblee-nationale.fr,Droite Républicaine,Indre (2e circonscription)
Mme Christelle Minard,Centre-Val de Loire,Eure-et-Loir,christelle.minard@assemblee-nationale.fr,Droite Républicaine,Eure-et-Loir (2e circonscription)
Mme Constance de Pélichy,Centre-Val de Loire,Loiret,constance.depelichy@assemblee-nationale.fr,"Libertés, Indépendants, Outre-mer et Territoires",Loiret (3e circonscription)
Mme Marie-Philippe Lubet,Centre-Val de Loire,Loiret,marie-philippe.lubet@assemblee-nationale.fr,Ensemble pour la République,Loiret (1re circonscription)
Mme Sabine Thillaye,Centre-Val de Loire,Indre-et-Loire,Sabine.Thillaye@assemblee-nationale.fr,Les Démocrates,Indre-et-Loire (5e circonscription)
M. François-Xavier Ceccoli,Corse,Haute-Corse,francois-xavier.ceccoli@assemblee-nationale.fr,Droite Républicaine,Haute-Corse (2e circonscription)
M. Laurent Marcangeli,Corse,Corse-du-Sud,laurent.marcangeli@assemblee-nationale.fr,Horizons & Indépendants,Corse-du-Sud (1re circonscription)
M. Michel Castellani,Corse,Haute-Corse,Michel.Castellani@assemblee-nationale.fr,"Libertés, Indépendants, Outre-mer et Territoires",Haute-Corse (1re circonscription)
M. Paul-André Colombani,Corse,Corse-du-Sud,Paul-Andre.Colombani@assemblee-nationale.fr,"Libertés, Indépendants, Outre-mer et Territoires",Corse-du-Sud (2e circonscription)
M. Benoît Larrouquis,Français établis hors de France,Français établis hors de France,benoit.larrouquis@assemblee-nationale.fr,Ensemble pour la République,Français établis hors de France (2e circonscription)
M. Christopher Weissberg,Français établis hors de France,Français établis hors de France,christopher.weissberg@assemblee-nationale.fr,Ensemble pour la République,Français établis hors de France (1re circonscription)
M. Frédéric Petit,Français établis hors de France,Français établis hors de France,Frederic.Petit@assemblee-nationale.fr,Les Démocrates,Français établis hors de France (7e circonscription)
M. Karim Ben Cheikh,Français établis hors de France,Français établis hors de France,karim.bencheikh@assemblee-nationale.fr,Écologiste et Social,Français établis hors de France (9e circonscription)
M. Marc Ferracci,Français établis hors de France,Français établis hors de France,marc.ferracci@assemblee-nationale.fr,Ensemble pour la République,Français établis hors de France (6e circonscription)
M. Pieyre-Alexandre Anglade,Français établis hors de France,Français établis hors de France,Pieyre-Alexandre.Anglade@assemblee-nationale.fr,Ensemble pour la République,Français établis hors de France (4e circonscription)
M. Vincent Caure,Français établis hors de France,Français établis hors de France,vincent.caure@assemblee-nationale.fr,Ensemble pour la République,Français établis hors de France (3e circonscription)
Mme Amélia Lakrafi,Français établis hors de France,Français établis hors de France,amelia.lakrafi@assemblee-nationale.fr,Ensemble pour la République,Français établis hors de France (10e circonscription)
Mme Anne Genetet,Français établis hors de France,Français établis hors de France,Anne.Genetet@assemblee-nationale.fr,Ensemble pour la République,Français établis hors de France (11e circonscription)
Mme Caroline Yadan,Français établis hors de France,Français établis hors de France,caroline.yadan@assemblee-nationale.fr,Ensemble pour la République,Français établis hors de France (8e circonscription)
Mme Nathalie Coggia,Français établis hors de France,Français établis hors de France,nathalie.coggia@assemblee-nationale.fr,Ensemble pour la République,Français établis hors de France (5e circonscription)
M. Alexandre Loubet,Grand Est,Moselle,alexandre.loubet@assemblee-nationale.fr,Rassemblement National,Moselle (7e circonscription)
M. Anthony Boulogne,Grand Est,Meurthe-et-Moselle,anthony.boulogne@assemblee-nationale.fr,Rassemblement National,Meurthe-et-Moselle (6e circonscription)
M. Belkhir Belhaddad,Grand Est,Moselle,Belkhir.Belhaddad@assemblee-nationale.fr,Socialistes et apparentés,Moselle (1re circonscription)
M. Bruno Fuchs,Grand Est,Haut-Rhin,Bruno.Fuchs@assemblee-nationale.fr,Les Démocrates,Haut-Rhin (6e circonscription)
M. Charles Sitzenstuhl,Grand Est,Bas-Rhin,charles.sitzenstuhl@assemblee-nationale.fr,Ensemble pour la République,Bas-Rhin (5e circonscription)
M. Charles de Courson,Grand Est,Marne,Charles.deCourson@assemblee-nationale.fr,"Libertés, Indépendants, Outre-mer et Territoires",Marne (5e circonscription)
M. Christophe Bentz,Grand Est,Haute-Marne,christophe.bentz@assemblee-nationale.fr,Rassemblement National,Haute-Marne (1re circonscription)
M. Christophe Naegelen,Grand Est,Vosges,Christophe.Naegelen@assemblee-nationale.fr,"Libertés, Indépendants, Outre-mer et Territoires",Vosges (3e circonscription)
M. Didier Lemaire,Grand Est,Haut-Rhin,didier.lemaire@assemblee-nationale.fr,Horizons & Indépendants,Haut-Rhin (3e circonscription)
M. Dominique Potier,Grand Est,Meurthe-et-Moselle,Dominique.Potier@assemblee-nationale.fr,Socialistes et apparentés,Meurthe-et-Moselle (5e circonscription)
M. Emmanuel Fernandes,Grand Est,Bas-Rhin,emmanuel.fernandes@assemblee-nationale.fr,La France insoumise - Nouveau Front Populaire,Bas-Rhin (2e circonscription)
M. Frédéric Weber,Grand Est,Meurthe-et-Moselle,frederic.weber@assemblee-nationale.fr,Rassemblement National,Meurthe-et-Moselle (3e circonscription)
M. Gaëtan Dussausaye,Grand Est,Vosges,gaetan.dussausaye@assemblee-nationale.fr,Rassemblement National,Vosges (2e circonscription)
M. Hubert Ott,Grand Est,Haut-Rhin,hubert.ott@assemblee-nationale.fr,Les Démocrates,Haut-Rhin (2e circonscription)
M. Jean-Luc Warsmann,Grand Est,Ardennes,Jean-Luc.Warsmann@assemblee-nationale.fr,"Libertés, Indépendants, Outre-mer et Territoires",Ardennes (3e circonscription)
M. Jordan Guitton,Grand Est,Aube,jordan.guitton@assemblee-nationale.fr,Rassemblement National,Aube (1re circonscription)
M. Jérôme End,Grand Est,Moselle,jerome.end@assemblee-nationale.fr,Droite Républicaine,Moselle (4e circonscription)
M. Kévin Pfeffer,Grand Est,Moselle,kevin.pfeffer@assemblee-nationale.fr,Rassemblement National,Moselle (6e circonscription)
M. Laurent Jacobelli,Grand Est,Moselle,laurent.jacobelli@assemblee-nationale.fr,Rassemblement National,Moselle (8e circonscription)
M. Lionel Vuibert,Grand Est,Ardennes,lionel.vuibert@assemblee-nationale.fr,Non inscrit,Ardennes (1re circonscription)
M. Ludovic Mendes,Grand Est,Moselle,Ludovic.Mendes@assemblee-nationale.fr,Ensemble pour la République,Moselle (2e circonscription)
M. Maxime Amblard,Grand Est,Meuse,maxime.amblard@assemblee-nationale.fr,Rassemblement National,Meuse (1re circonscription)
M. Maxime Michelet,Grand Est,Marne,maxime.michelet@assemblee-nationale.fr,Union des droites pour la République,Marne (3e circonscription)
M. Olivier Becht,Grand Est,Haut-Rhin,olivier.becht@assemblee-nationale.fr,Ensemble pour la République,Haut-Rhin (5e circonscription)
M. Pascal Jenft,Grand Est,Moselle,pascal.jenft@assemblee-nationale.fr,Rassemblement National,Moselle (5e circonscription)
M. Patrick Hetzel,Grand Est,Bas-Rhin,Patrick.Hetzel@assemblee-nationale.fr,Droite Républicaine,Bas-Rhin (7e circonscription)
M. Pierre Cordier,Grand Est,Ardennes,Pierre.Cordier@assemblee-nationale.fr,Droite Républicaine,Ardennes (2e circonscription)
M. Raphaël Schellenberger,Grand Est,Haut-Rhin,Raphael.Schellenberger@assemblee-nationale.fr,Non inscrit,Haut-Rhin (4e circonscription)
M. Stéphane Hablot,Grand Est,Meurthe-et-Moselle,stephane.hablot@assemblee-nationale.fr,Socialistes et apparentés,Meurthe-et-Moselle (2e circonscription)
M. Stéphane Viry,Grand Est,Vosges,Stephane.Viry@assemblee-nationale.fr,"Libertés, Indépendants, Outre-mer et Territoires",Vosges (1re circonscription)
M. Sébastien Humbert,Grand Est,Vosges,sebastien.humbert@assemblee-nationale.fr,Rassemblement National,Vosges (4e circonscription)
M. Thibault Bazin,Grand Est,Meurthe-et-Moselle,Thibault.Bazin@assemblee-nationale.fr,Droite Républicaine,Meurthe-et-Moselle (4e circonscription)
M. Thierry Sother,Grand Est,Bas-Rhin,thierry.sother@assemblee-nationale.fr,Socialistes et apparentés,Bas-Rhin (3e circonscription)
M. Théo Bernhardt,Grand Est,Bas-Rhin,theo.bernhardt@assemblee-nationale.fr,Rassemblement National,Bas-Rhin (8e circonscription)
M. Vincent Thiébaut,Grand Est,Bas-Rhin,Vincent.Thiebaut@assemblee-nationale.fr,Horizons & Indépendants,Bas-Rhin (9e circonscription)
M. Xavier Albertini,Grand Est,Marne,xavier.albertini@assemblee-nationale.fr,Horizons & Indépendants,Marne (1re circonscription)
Mme Angélique Ranc,Grand Est,Aube,angelique.ranc@assemblee-nationale.fr,Rassemblement National,Aube (3e circonscription)
Mme Brigitte Klinkert,Grand Est,Haut-Rhin,brigitte.klinkert@assemblee-nationale.fr,Ensemble pour la République,Haut-Rhin (1re circonscription)
Mme Estelle Mercier,Grand Est,Meurthe-et-Moselle,estelle.mercier@assemblee-nationale.fr,Socialistes et apparentés,Meurthe-et-Moselle (1re circonscription)
Mme Florence Goulet,Grand Est,Meuse,florence.goulet@assemblee-nationale.fr,Rassemblement National,Meuse (2e circonscription)
Mme Françoise Buffet,Grand Est,Bas-Rhin,francoise.buffet@assemblee-nationale.fr,Ensemble pour la République,Bas-Rhin (4e circonscription)
Mme Isabelle Rauch,Grand Est,Moselle,Isabelle.Rauch@assemblee-nationale.fr,Horizons & Indépendants,Moselle (9e circonscription)
Mme Laure Miller,Grand Est,Marne,laure.miller@assemblee-nationale.fr,Ensemble pour la République,Marne (2e circonscription)
Mme Laurence Robert-Dehault,Grand Est,Haute-Marne,laurence.robert-dehault@assemblee-nationale.fr,Rassemblement National,Haute-Marne (2e circonscription)
Mme Lise Magnier,Grand Est,Marne,Lise.Magnier@assemblee-nationale.fr,Horizons & Indépendants,Marne (4e circonscription)
Mme Louise Morel,Grand Est,Bas-Rhin,louise.morel@assemblee-nationale.fr,Les Démocrates,Bas-Rhin (6e circonscription)
Mme Nathalie Colin-Oesterlé,Grand Est,Moselle,nathalie.colin-oesterle@assemblee-nationale.fr,Horizons & Indépendants,Moselle (3e circonscription)
Mme Sandra Regol,Grand Est,Bas-Rhin,sandra.regol@assemblee-nationale.fr,Écologiste et Social,Bas-Rhin (1re circonscription)
Mme Valérie Bazin-Malgras,Grand Est,Aube,Valerie.Bazin-Malgras@assemblee-nationale.fr,Droite Républicaine,Aube (2e circonscription)
M. Christian Baptiste,Guadeloupe,Guadeloupe,christian.baptiste@assemblee-nationale.fr,Socialistes et apparentés,Guadeloupe (2e circonscription)
M. Elie Califer,Guadeloupe,Guadeloupe,elie.califer@assemblee-nationale.fr,Socialistes et apparentés,Guadeloupe (4e circonscription)
M. Max Mathiasin,Guadeloupe,Guadeloupe,Max.Mathiasin@assemblee-nationale.fr,"Libertés, Indépendants, Outre-mer et Territoires",Guadeloupe (3e circonscription)
M. Olivier Serva,Guadeloupe,Guadeloupe,Olivier.Serva@assemblee-nationale.fr,"Libertés, Indépendants, Outre-mer et Territoires",Guadeloupe (1re circonscription)
M. Davy Rimane,Guyane,Guyane,davy.rimane@assemblee-nationale.fr,Gauche Démocrate et Républicaine,Guyane (2e circonscription)
M. Jean-Victor Castor,Guyane,Guyane,jean-victor.castor@assemblee-nationale.fr,Gauche Démocrate et Républicaine,Guyane (1re circonscription)
M. Alexandre Dufosset,Hauts-de-France,Nord,alexandre.dufosset@assemblee-nationale.fr,Rassemblement National,Nord (18e circonscription)
M. Alexandre Sabatou,Hauts-de-France,Oise,alexandre.sabatou@assemblee-nationale.fr,Rassemblement National,Oise (3e circonscription)
M. Antoine Golliot,Hauts-de-France,Pas-de-Calais,antoine.golliot@assemblee-nationale.fr,Rassemblement National,Pas-de-Calais (5e circonscription)
M. Auguste Evrard,Hauts-de-France,Pas-de-Calais,auguste.evrard@assemblee-nationale.fr,Rassemblement National,Pas-de-Calais (8e circonscription)
M. Aurélien Le Coq,Hauts-de-France,Nord,aurelien.lecoq@assemblee-nationale.fr,La France insoumise - Nouveau Front Populaire,Nord (1re circonscription)
M. Bruno Bilde,Hauts-de-France,Pas-de-Calais,Bruno.Bilde@assemblee-nationale.fr,Rassemblement National,Pas-de-Calais (12e circonscription)
M. Bruno Clavet,Hauts-de-France,Pas-de-Calais,bruno.clavet@assemblee-nationale.fr,Rassemblement National,Pas-de-Calais (3e circonscription)
M. David Magnier,Hauts-de-France,Oise,david.magnier@assemblee-nationale.fr,Rassemblement National,Oise (7e circonscription)
M. Eddy Casterman,Hauts-de-France,Aisne,eddy.casterman@assemblee-nationale.fr,Rassemblement National,Aisne (3e circonscription)
M. Emmanuel Blairy,Hauts-de-France,Pas-de-Calais,emmanuel.blairy@assemblee-nationale.fr,Rassemblement National,Pas-de-Calais (1re circonscription)
M. François Ruffin,Hauts-de-France,Somme,Francois.Ruffin@assemblee-nationale.fr,Écologiste et Social,Somme (1re circonscription)
M. Frédéric-Pierre Vos,Hauts-de-France,Oise,fredericpierre.vos@assemblee-nationale.fr,Rassemblement National,Oise (5e circonscription)
M. Guillaume Florquin,Hauts-de-France,Nord,guillaume.florquin@assemblee-nationale.fr,Rassemblement National,Nord (20e circonscription)
M. Jean Bodart,Hauts-de-France,Nord,jean.bodart@assemblee-nationale.fr,"Libertés, Indépendants, Outre-mer et Territoires",Nord (13e circonscription)
M. Jean-Philippe Tanguy,Hauts-de-France,Somme,jean-philippe.tanguy@assemblee-nationale.fr,Rassemblement National,Somme (4e circonscription)
M. Jean-Pierre Bataille,Hauts-de-France,Nord,jean-pierre.bataille@assemblee-nationale.fr,"Libertés, Indépendants, Outre-mer et Territoires",Nord (15e circonscription)
M. Jocelyn Dessigny,Hauts-de-France,Aisne,jocelyn.dessigny@assemblee-nationale.fr,Rassemblement National,Aisne (5e circonscription)
M. José Beaurain,Hauts-de-France,Aisne,jose.beaurain@assemblee-nationale.fr,Rassemblement National,Aisne (4e circonscription)
M. Julien Dive,Hauts-de-France,Aisne,Julien.Dive@assemblee-nationale.fr,Droite Républicaine,Aisne (2e circonscription)
M. Marc de Fleurian,Hauts-de-France,Pas-de-Calais,marc.defleurian@assemblee-nationale.fr,Rassemblement National,Pas-de-Calais (7e circonscription)
M. Matthias Renault,Hauts-de-France,Somme,matthias.renault@assemblee-nationale.fr,Rassemblement National,Somme (3e circonscription)
M. Matthieu Marchio,Hauts-de-France,Nord,matthieu.marchio@assemblee-nationale.fr,Rassemblement National,Nord (16e circonscription)
M. Michaël Taverne,Hauts-de-France,Nord,michael.taverne@assemblee-nationale.fr,Rassemblement National,Nord (12e circonscription)
M. Michel Guiniot,Hauts-de-France,Oise,michel.guiniot@assemblee-nationale.fr,Rassemblement National,Oise (6e circonscription)
M. Nicolas Dragon,Hauts-de-France,Aisne,nicolas.dragon@assemblee-nationale.fr,Rassemblement National,Aisne (1re circonscription)
M. Philippe Ballard,Hauts-de-France,Oise,philippe.ballard@assemblee-nationale.fr,Rassemblement National,Oise (2e circonscription)
M. Philippe Fait,Hauts-de-France,Pas-de-Calais,philippe.fait@assemblee-nationale.fr,Horizons & Indépendants,Pas-de-Calais (4e circonscription)
M. Pierre Marle,Hauts-de-France,Nord,pierre.marle@assemblee-nationale.fr,Horizons & Indépendants,Nord (14e circonscription)
M. Roger Vicot,Hauts-de-France,Nord,roger.vicot@assemblee-nationale.fr,Socialistes et apparentés,Nord (11e circonscription)
M. Sébastien Chenu,Hauts-de-France,Nord,Sebastien.Chenu@assemblee-nationale.fr,Rassemblement National,Nord (19e circonscription)
M. Sébastien Huyghe,Hauts-de-France,Nord,sebastien.huyghe@assemblee-nationale.fr,Ensemble pour la République,Nord (5e circonscription)
M. Thierry Frappé,Hauts-de-France,Pas-de-Calais,thierry.frappe@assemblee-nationale.fr,Rassemblement National,Pas-de-Calais (10e circonscription)
M. Thierry Tesson,Hauts-de-France,Nord,thierry.tesson@assemblee-nationale.fr,Rassemblement National,Nord (17e circonscription)
M. Ugo Bernalicis,Hauts-de-France,Nord,Ugo.Bernalicis@assemblee-nationale.fr,La France insoumise - Nouveau Front Populaire,Nord (2e circonscription)
M. Vincent Ledoux,Hauts-de-France,Nord,Vincent.Ledoux@assemblee-nationale.fr,Ensemble pour la République,Nord (10e circonscription)
Mme Agnès Pannier-Runacher,Hauts-de-France,Pas-de-Calais,agnes.pannier-runacher@assemblee-nationale.fr,Ensemble pour la République,Pas-de-Calais (2e circonscription)
Mme Brigitte Liso,Hauts-de-France,Nord,Brigitte.Liso@assemblee-nationale.fr,Ensemble pour la République,Nord (4e circonscription)
Mme Caroline Parmentier,Hauts-de-France,Pas-de-Calais,caroline.parmentier@assemblee-nationale.fr,Rassemblement National,Pas-de-Calais (9e circonscription)
Mme Charlotte Parmentier-Lecocq,Hauts-de-France,Nord,charlotte.parmentier-lecocq@assemblee-nationale.fr,Horizons & Indépendants,Nord (6e circonscription)
Mme Christine Engrand,Hauts-de-France,Pas-de-Calais,christine.engrand@assemblee-nationale.fr,Non inscrit,Pas-de-Calais (6e circonscription)
Mme Claire Marais-Beuil,Hauts-de-France,Oise,claire.marais-beuil@assemblee-nationale.fr,Rassemblement National,Oise (1re circonscription)
Mme Félicie Gérard,Hauts-de-France,Nord,felicie.gerard@assemblee-nationale.fr,Horizons & Indépendants,Nord (7e circonscription)
Mme Marine Le Pen,Hauts-de-France,Pas-de-Calais,Marine.LePen@assemblee-nationale.fr,Rassemblement National,Pas-de-Calais (11e circonscription)
Mme Sandra Delannoy,Hauts-de-France,Nord,sandra.delannoy@assemblee-nationale.fr,Non inscrit,Nord (3e circonscription)
Mme Shéhérazade Bentorki,Hauts-de-France,Nord,sheherazade.bentorki@assemblee-nationale.fr,La France insoumise - Nouveau Front Populaire,Nord (8e circonscription)
Mme Valérie Létard,Hauts-de-France,Nord,valerie.letard@assemblee-nationale.fr,"Libertés, Indépendants, Outre-mer et Territoires",Nord (21e circonscription)
Mme Violette Spillebout,Hauts-de-France,Nord,violette.spillebout@assemblee-nationale.fr,Ensemble pour la République,Nord (9e circonscription)
Mme Véronique Ludmann,Hauts-de-France,Oise,veronique.ludmann@assemblee-nationale.fr,Horizons & Indépendants,Oise (4e circonscription)
Mme Yaël Ménaché,Hauts-de-France,Somme,yael.menache@assemblee-nationale.fr,Rassemblement National,Somme (5e circonscription)
Mme Zahia Hamdane,Hauts-de-France,Somme,zahia.hamdane@assemblee-nationale.fr,La France insoumise - Nouveau Front Populaire,Somme (2e circonscription)
M. Alexis Corbière,Ile-de-France,Seine-Saint-Denis,Alexis.Corbiere@assemblee-nationale.fr,Écologiste et Social,Seine-Saint-Denis (7e circonscription)
M. Aly Diouara,Ile-de-France,Seine-Saint-Denis,aly.diouara@assemblee-nationale.fr,La France insoumise - Nouveau Front Populaire,Seine-Saint-Denis (5e circonscription)
M. Antoine Léaument,Ile-de-France,Essonne,antoine.leaument@assemblee-nationale.fr,La France insoumise - Nouveau Front Populaire,Essonne (10e circonscription)
M. Arnaud Bonnet,Ile-de-France,Seine-et-Marne,arnaud.bonnet@assemblee-nationale.fr,Écologiste et Social,Seine-et-Marne (8e circonscription)
M. Arnaud Le Gall,Ile-de-France,Val-d'Oise,arnaud.legall@assemblee-nationale.fr,La France insoumise - Nouveau Front Populaire,Val-d'Oise (9e circonscription)
M. Arnaud Saint-Martin,Ile-de-France,Seine-et-Marne,arnaud.saint-martin@assemblee-nationale.fr,La France insoumise - Nouveau Front Populaire,Seine-et-Marne (1re circonscription)
M. Aurélien Rousseau,Ile-de-France,Yvelines,aurelien.rousseau@assemblee-nationale.fr,Socialistes et apparentés,Yvelines (7e circonscription)
M. Aurélien Saintoul,Ile-de-France,Hauts-de-Seine,aurelien.saintoul@assemblee-nationale.fr,La France insoumise - Nouveau Front Populaire,Hauts-de-Seine (11e circonscription)
M. Aurélien Taché,Ile-de-France,Val-d'Oise,Aurelien.Tache@assemblee-nationale.fr,La France insoumise - Nouveau Front Populaire,Val-d'Oise (10e circonscription)
M. Aymeric Caron,Ile-de-France,Paris,aymeric.caron@assemblee-nationale.fr,La France insoumise - Nouveau Front Populaire,Paris (18e circonscription)
M. Bastien Lachaud,Ile-de-France,Seine-Saint-Denis,Bastien.Lachaud@assemblee-nationale.fr,La France insoumise - Nouveau Front Populaire,Seine-Saint-Denis (6e circonscription)
M. Benjamin Lucas-Lundy,Ile-de-France,Yvelines,benjamin.lucas@assemblee-nationale.fr,Écologiste et Social,Yvelines (8e circonscription)
M. Benoît Blanchard,Ile-de-France,Val-d'Oise,benoit.blanchard@assemblee-nationale.fr,Horizons & Indépendants,Val-d'Oise (4e circonscription)
M. Bérenger Cernon,Ile-de-France,Essonne,berenger.cernon@assemblee-nationale.fr,La France insoumise - Nouveau Front Populaire,Essonne (8e circonscription)
M. Carlos Martens Bilongo,Ile-de-France,Val-d'Oise,carlosmartens.bilongo@assemblee-nationale.fr,La France insoumise - Nouveau Front Populaire,Val-d'Oise (8e circonscription)
M. Charles Rodwell,Ile-de-France,Yvelines,charles.rodwell@assemblee-nationale.fr,Ensemble pour la République,Yvelines (1re circonscription)
M. Christophe Mongardien,Ile-de-France,Hauts-de-Seine,christophe.mongardien@assemblee-nationale.fr,Ensemble pour la République,Hauts-de-Seine (13e circonscription)
M. Emmanuel Maurel,Ile-de-France,Val-d'Oise,emmanuel.maurel@assemblee-nationale.fr,Gauche Démocrate et Républicaine,Val-d'Oise (3e circonscription)
M. Frédéric Valletoux,Ile-de-France,Seine-et-Marne,frederic.valletoux@assemblee-nationale.fr,Horizons & Indépendants,Seine-et-Marne (2e circonscription)
M. Gabriel Attal,Ile-de-France,Hauts-de-Seine,gabriel.attal@assemblee-nationale.fr,Ensemble pour la République,Hauts-de-Seine (10e circonscription)
M. Guillaume Gouffier Valente,Ile-de-France,Val-de-Marne,guillaume.gouffier-valente@assemblee-nationale.fr,Ensemble pour la République,Val-de-Marne (6e circonscription)
M. Jean-Louis Thiériot,Ile-de-France,Seine-et-Marne,Jean-Louis.Thieriot@assemblee-nationale.fr,Droite Républicaine,Seine-et-Marne (3e circonscription)
M. Julien Limongi,Ile-de-France,Seine-et-Marne,julien.limongi@assemblee-nationale.fr,Rassemblement National,Seine-et-Marne (4e circonscription)
M. Jérôme Guedj,Ile-de-France,Essonne,jerome.guedj@assemblee-nationale.fr,Socialistes et apparentés,Essonne (6e circonscription)
M. Jérôme Legavre,Ile-de-France,Seine-Saint-Denis,jerome.legavre@assemblee-nationale.fr,La France insoumise - Nouveau Front Populaire,Seine-Saint-Denis (12e circonscription)
M. Karl Olive,Ile-de-France,Yvelines,karl.olive@assemblee-nationale.fr,Ensemble pour la République,Yvelines (12e circonscription)
M. Laurent Mazaury,Ile-de-France,Yvelines,laurent.mazaury@assemblee-nationale.fr,"Libertés, Indépendants, Outre-mer et Territoires",Yvelines (11e circonscription)
M. Louis Boyard,Ile-de-France,Val-de-Marne,louis.boyard@assemblee-nationale.fr,La France insoumise - Nouveau Front Populaire,Val-de-Marne (3e circonscription)
M. Maxime Laisney,Ile-de-France,Seine-et-Marne,maxime.laisney@assemblee-nationale.fr,La France insoumise - Nouveau Front Populaire,Seine-et-Marne (10e circonscription)
M. Michel Barnier,Ile-de-France,Paris,michel.barnier@assemblee-nationale.fr,Droite Républicaine,Paris (2e circonscription)
M. Michel Herbillon,Ile-de-France,Val-de-Marne,Michel.Herbillon@assemblee-nationale.fr,Droite Républicaine,Val-de-Marne (8e circonscription)
M. Nicolas Tryzna,Ile-de-France,Val-de-Marne,nicolas.tryzna@assemblee-nationale.fr,Droite Républicaine,Val-de-Marne (7e circonscription)
M. Olivier Faure,Ile-de-France,Seine-et-Marne,Olivier.Faure@assemblee-nationale.fr,Socialistes et apparentés,Seine-et-Marne (11e circonscription)
M. Paul Midy,Ile-de-France,Essonne,paul.midy@assemblee-nationale.fr,Ensemble pour la République,Essonne (5e circonscription)
M. Paul Vannier,Ile-de-France,Val-d'Oise,paul.vannier@assemblee-nationale.fr,La France insoumise - Nouveau Front Populaire,Val-d'Oise (5e circonscription)
M. Philippe Juvin,Ile-de-France,Hauts-de-Seine,philippe.juvin@assemblee-nationale.fr,Droite Républicaine,Hauts-de-Seine (3e circonscription)
M. Pierre Cazeneuve,Ile-de-France,Hauts-de-Seine,pierre.cazeneuve@assemblee-nationale.fr,Ensemble pour la République,Hauts-de-Seine (7e circonscription)
M. Pouria Amirshahi,Ile-de-France,Paris,pouria.amirshahi@assemblee-nationale.fr,Écologiste et Social,Paris (5e circonscription)
M. Rodrigo Arenas,Ile-de-France,Paris,rodrigo.arenas@assemblee-nationale.fr,La France insoumise - Nouveau Front Populaire,Paris (10e circonscription)
M. Romain Eskenazi,Ile-de-France,Val-d'Oise,romain.eskenazi@assemblee-nationale.fr,Socialistes et apparentés,Val-d'Oise (7e circonscription)
M. Steevy Gustave,Ile-de-France,Essonne,steevy.gustave@assemblee-nationale.fr,Écologiste et Social,Essonne (3e circonscription)
M. Stéphane Peu,Ile-de-France,Seine-Saint-Denis,Stephane.Peu@assemblee-nationale.fr,Gauche Démocrate et Républicaine,Seine-Saint-Denis (2e circonscription)
M. Sylvain Berrios,Ile-de-France,Val-de-Marne,sylvain.berrios@assemblee-nationale.fr,Horizons & Indépendants,Val-de-Marne (1re circonscription)
M. Sylvain Maillard,Ile-de-France,Paris,Sylvain.Maillard@assemblee-nationale.fr,Ensemble pour la République,Paris (1re circonscription)
M. Thomas Lam,Ile-de-France,Hauts-de-Seine,thomas.lam@assemblee-nationale.fr,Horizons & Indépendants,Hauts-de-Seine (2e circonscription)
M. Thomas Portes,Ile-de-France,Seine-Saint-Denis,thomas.portes@assemblee-nationale.fr,La France insoumise - Nouveau Front Populaire,Seine-Saint-Denis (3e circonscription)
M. Éric Coquerel,Ile-de-France,Seine-Saint-Denis,Eric.Coquerel@assemblee-nationale.fr,La France insoumise - Nouveau Front Populaire,Seine-Saint-Denis (1re circonscription)
Mme Anne Bergantz,Ile-de-France,Yvelines,anne.bergantz@assemblee-nationale.fr,Les Démocrates,Yvelines (2e circonscription)
Mme Anne Sicard,Ile-de-France,Val-d'Oise,anne.sicard@assemblee-nationale.fr,Rassemblement National,Val-d'Oise (1re circonscription)
Mme Anne-Sophie Ronceret,Ile-de-France,Yvelines,anne-sophie.ronceret@assemblee-nationale.fr,Ensemble pour la République,Yvelines (10e circonscription)
Mme Aurélie Trouvé,Ile-de-France,Seine-Saint-Denis,aurelie.trouve@assemblee-nationale.fr,La France insoumise - Nouveau Front Populaire,Seine-Saint-Denis (9e circonscription)
Mme Ayda Hadizadeh,Ile-de-France,Val-d'Oise,ayda.hadizadeh@assemblee-nationale.fr,Socialistes et apparentés,Val-d'Oise (2e circonscription)
Mme Béatrice Piron,Ile-de-France,Yvelines,Beatrice.Piron@assemblee-nationale.fr,Horizons & Indépendants,Yvelines (3e circonscription)
Mme Béatrice Roullaud,Ile-de-France,Seine-et-Marne,beatrice.roullaud@assemblee-nationale.fr,Rassemblement National,Seine-et-Marne (6e circonscription)
Mme Carole Guillerm,Ile-de-France,Hauts-de-Seine,carole.guillerm@assemblee-nationale.fr,Les Démocrates,Hauts-de-Seine (12e circonscription)
Mme Catherine Ibled,Ile-de-France,Paris,catherine.ibled@assemblee-nationale.fr,Ensemble pour la République,Paris (13e circonscription)
Mme Claire Lejeune,Ile-de-France,Essonne,claire.lejeune@assemblee-nationale.fr,La France insoumise - Nouveau Front Populaire,Essonne (7e circonscription)
Mme Clémence Guetté,Ile-de-France,Val-de-Marne,clemence.guette@assemblee-nationale.fr,La France insoumise - Nouveau Front Populaire,Val-de-Marne (2e circonscription)
Mme Clémentine Autain,Ile-de-France,Seine-Saint-Denis,Clementine.Autain@assemblee-nationale.fr,Écologiste et Social,Seine-Saint-Denis (11e circonscription)
Mme Constance Le Grip,Ile-de-France,Hauts-de-Seine,Constance.LeGrip@assemblee-nationale.fr,Ensemble pour la République,Hauts-de-Seine (6e circonscription)
Mme Céline Calvez,Ile-de-France,Hauts-de-Seine,Celine.Calvez@assemblee-nationale.fr,Ensemble pour la République,Hauts-de-Seine (5e circonscription)
Mme Céline Hervieu,Ile-de-France,Paris,celine.hervieu@assemblee-nationale.fr,Socialistes et apparentés,Paris (11e circonscription)
Mme Céline Thiébault-Martinez,Ile-de-France,Seine-et-Marne,celine.thiebault-martinez@assemblee-nationale.fr,Socialistes et apparentés,Seine-et-Marne (9e circonscription)
Mme Danielle Simonnet,Ile-de-France,Paris,danielle.simonnet@assemblee-nationale.fr,Écologiste et Social,Paris (15e circonscription)
Mme Danièle Obono,Ile-de-France,Paris,Daniele.Obono@assemblee-nationale.fr,La France insoumise - Nouveau Front Populaire,Paris (17e circonscription)
Mme Dieynaba Diop,Ile-de-France,Yvelines,dieynaba.diop@assemblee-nationale.fr,Socialistes et apparentés,Yvelines (9e circonscription)
Mme Dorine Bregman,Ile-de-France,Paris,dorine.bregman@assemblee-nationale.fr,Socialistes et apparentés,Paris (7e circonscription)
Mme Elsa Faucillon,Ile-de-France,Hauts-de-Seine,Elsa.Faucillon@assemblee-nationale.fr,Gauche Démocrate et Républicaine,Hauts-de-Seine (1re circonscription)
Mme Emmanuelle Hoffman,Ile-de-France,Paris,emmanuelle.hoffman@assemblee-nationale.fr,Ensemble pour la République,Paris (4e circonscription)
Mme Ersilia Soudais,Ile-de-France,Seine-et-Marne,ersilia.soudais@assemblee-nationale.fr,La France insoumise - Nouveau Front Populaire,Seine-et-Marne (7e circonscription)
Mme Eva Sas,Ile-de-France,Paris,eva.sas@assemblee-nationale.fr,Écologiste et Social,Paris (8e circonscription)
Mme Farida Amrani,Ile-de-France,Essonne,farida.amrani@assemblee-nationale.fr,La France insoumise - Nouveau Front Populaire,Essonne (1re circonscription)
Mme Fatiha Keloua Hachi,Ile-de-France,Seine-Saint-Denis,fatiha.kelouahachi@assemblee-nationale.fr,Socialistes et apparentés,Seine-Saint-Denis (8e circonscription)
Mme Gabrielle Cathala,Ile-de-France,Val-d'Oise,gabrielle.cathala@assemblee-nationale.fr,La France insoumise - Nouveau Front Populaire,Val-d'Oise (6e circonscription)
Mme Isabelle Santiago,Ile-de-France,Val-de-Marne,isabelle.santiago@assemblee-nationale.fr,Socialistes et apparentés,Val-de-Marne (9e circonscription)
Mme Joséphine Missoffe,Ile-de-France,Paris,josephine.missoffe@assemblee-nationale.fr,Ensemble pour la République,Paris (14e circonscription)
Mme Julie Ozenne,Ile-de-France,Essonne,julie.ozenne@assemblee-nationale.fr,Écologiste et Social,Essonne (9e circonscription)
Mme Léa Balage El Mariky,Ile-de-France,Paris,lea.balage@assemblee-nationale.fr,Écologiste et Social,Paris (3e circonscription)
Mme Marie Lebec,Ile-de-France,Yvelines,Marie.Lebec@assemblee-nationale.fr,Ensemble pour la République,Yvelines (4e circonscription)
Mme Marie-Pierre Rixain,Ile-de-France,Essonne,Marie-Pierre.Rixain@assemblee-nationale.fr,Ensemble pour la République,Essonne (4e circonscription)
Mme Mathilde Panot,Ile-de-France,Val-de-Marne,Mathilde.Panot@assemblee-nationale.fr,La France insoumise - Nouveau Front Populaire,Val-de-Marne (10e circonscription)
Mme Maud Petit,Ile-de-France,Val-de-Marne,Maud.Petit@assemblee-nationale.fr,Les Démocrates,Val-de-Marne (4e circonscription)
Mme Nadège Abomangoli,Ile-de-France,Seine-Saint-Denis,nadege.abomangoli@assemblee-nationale.fr,La France insoumise - Nouveau Front Populaire,Seine-Saint-Denis (10e circonscription)
Mme Natalia Pouzyreff,Ile-de-France,Yvelines,Natalia.Pouzyreff@assemblee-nationale.fr,Ensemble pour la République,Yvelines (6e circonscription)
Mme Nathalie Da Conceicao Carvalho,Ile-de-France,Essonne,nathalie.daconceicaocarvalho@assemblee-nationale.fr,Rassemblement National,Essonne (2e circonscription)
Mme Olivia Grégoire,Ile-de-France,Paris,olivia.gregoire@assemblee-nationale.fr,Ensemble pour la République,Paris (12e circonscription)
Mme Patricia Lemoine,Ile-de-France,Seine-et-Marne,patricia.lemoine@assemblee-nationale.fr,Ensemble pour la République,Seine-et-Marne (5e circonscription)
Mme Prisca Thevenot,Ile-de-France,Hauts-de-Seine,prisca.thevenot@assemblee-nationale.fr,Ensemble pour la République,Hauts-de-Seine (8e circonscription)
Mme Sabrina Sebaihi,Ile-de-France,Hauts-de-Seine,sabrina.sebaihi@assemblee-nationale.fr,Écologiste et Social,Hauts-de-Seine (4e circonscription)
Mme Sandrine Lalanne,Ile-de-France,Val-de-Marne,sandrine.lalanne@assemblee-nationale.fr,Ensemble pour la République,Val-de-Marne (5e circonscription)
Mme Sandrine Rousseau,Ile-de-France,Paris,sandrine.rousseau@assemblee-nationale.fr,Écologiste et Social,Paris (9e circonscription)
Mme Sarah Legrain,Ile-de-France,Paris,sarah.legrain@assemblee-nationale.fr,La France insoumise - Nouveau Front Populaire,Paris (16e circonscription)
Mme Sophia Chikirou,Ile-de-France,Paris,sophia.chikirou@assemblee-nationale.fr,La France insoumise - Nouveau Front Populaire,Paris (6e circonscription)
Mme Sophie Taillé-Polian,Ile-de-France,Val-de-Marne,sophie.taille-polian@assemblee-nationale.fr,Écologiste et Social,Val-de-Marne (11e circonscription)
Mme Soumya Bourouaha,Ile-de-France,Seine-Saint-Denis,soumya.bourouaha@assemblee-nationale.fr,Gauche Démocrate et Républicaine,Seine-Saint-Denis (4e circonscription)
Mme Yaël Braun-Pivet,Ile-de-France,Yvelines,Yael.Braun-Pivet@assemblee-nationale.fr,Ensemble pour la République,Yvelines (5e circonscription)
Mme Élisabeth de Maistre,Ile-de-France,Hauts-de-Seine,elisabeth.demaistre@assemblee-nationale.fr,Droite Républicaine,Hauts-de-Seine (9e circonscription)
M. Jean-Philippe Nilor,Martinique,Martinique,Jean-Philippe.Nilor@assemblee-nationale.fr,La France insoumise - Nouveau Front Populaire,Martinique (4e circonscription)
M. Jiovanny William,Martinique,Martinique,jiovanny.william@assemblee-nationale.fr,Socialistes et apparentés,Martinique (1re circonscription)
M. Marcellin Nadeau,Martinique,Martinique,marcellin.nadeau@assemblee-nationale.fr,Gauche Démocrate et Républicaine,Martinique (2e circonscription)
Mme Béatrice Bellay,Martinique,Martinique,beatrice.bellay@assemblee-nationale.fr,Socialistes et apparentés,Martinique (3e circonscription)
Mme Anchya Bamana,Mayotte,Mayotte,anchya.bamana@assemblee-nationale.fr,Rassemblement National,Mayotte (2e circonscription)
Mme Estelle Youssouffa,Mayotte,Mayotte,estelle.youssouffa@assemblee-nationale.fr,"Libertés, Indépendants, Outre-mer et Territoires",Mayotte (1re circonscription)
M. Arthur Delaporte,Normandie,Calvados,arthur.delaporte@assemblee-nationale.fr,Socialistes et apparentés,Calvados (2e circonscription)
M. Bertrand Bouyx,Normandie,Calvados,Bertrand.Bouyx@assemblee-nationale.fr,Horizons & Indépendants,Calvados (5e circonscription)
M. Bertrand Sorre,Normandie,Manche,Bertrand.Sorre@assemblee-nationale.fr,Ensemble pour la République,Manche (2e circonscription)
M. Christophe Blanchet,Normandie,Calvados,Christophe.Blanchet@assemblee-nationale.fr,Les Démocrates,Calvados (4e circonscription)
M. Gérard Leseul,Normandie,Seine-Maritime,gerard.leseul@assemblee-nationale.fr,Socialistes et apparentés,Seine-Maritime (5e circonscription)
M. Jean-Paul Lecoq,Normandie,Seine-Maritime,Jean-Paul.Lecoq@assemblee-nationale.fr,Gauche Démocrate et Républicaine,Seine-Maritime (8e circonscription)
M. Joël Bruneau,Normandie,Calvados,joel.bruneau@assemblee-nationale.fr,"Libertés, Indépendants, Outre-mer et Territoires",Calvados (1re circonscription)
M. Jérémie Patrier-Leitus,Normandie,Calvados,jeremie.patrier-leitus@assemblee-nationale.fr,Horizons & Indépendants,Calvados (3e circonscription)
M. Kévin Mauvieux,Normandie,Eure,kevin.mauvieux@assemblee-nationale.fr,Rassemblement National,Eure (3e circonscription)
M. Patrice Martin,Normandie,Seine-Maritime,patrice.martin@assemblee-nationale.fr,Rassemblement National,Seine-Maritime (6e circonscription)
M. Philippe Brun,Normandie,Eure,philippe.brun@assemblee-nationale.fr,Socialistes et apparentés,Eure (4e circonscription)
M. Philippe Gosselin,Normandie,Manche,philippe.gosselin@assemblee-nationale.fr,Droite Républicaine,Manche (1re circonscription)
M. Robert Le Bourgeois,Normandie,Seine-Maritime,robert.lebourgeois@assemblee-nationale.fr,Rassemblement National,Seine-Maritime (10e circonscription)
M. Stéphane Travert,Normandie,Manche,Stephane.Travert@assemblee-nationale.fr,Ensemble pour la République,Manche (3e circonscription)
M. Thierry Liger,Normandie,Orne,thierry.liger@assemblee-nationale.fr,Droite Républicaine,Orne (2e circonscription)
M. Timothée Houssin,Normandie,Eure,timothee.houssin@assemblee-nationale.fr,Rassemblement National,Eure (5e circonscription)
M. Édouard Bénard,Normandie,Seine-Maritime,edouard.benard@assemblee-nationale.fr,Gauche Démocrate et Républicaine,Seine-Maritime (3e circonscription)
Mme Agnès Firmin Le Bodo,Normandie,Seine-Maritime,Agnes.FirminLeBodo@assemblee-nationale.fr,Horizons & Indépendants,Seine-Maritime (7e circonscription)
Mme Alma Dufour,Normandie,Seine-Maritime,alma.dufour@assemblee-nationale.fr,La France insoumise - Nouveau Front Populaire,Seine-Maritime (4e circonscription)
Mme Anna Pic,Normandie,Manche,anna.pic@assemblee-nationale.fr,Socialistes et apparentés,Manche (4e circonscription)
Mme Annie Vidal,Normandie,Seine-Maritime,Annie.Vidal@assemblee-nationale.fr,Ensemble pour la République,Seine-Maritime (2e circonscription)
Mme Cendrine Chazé,Normandie,Orne,cendrine.chaze@assemblee-nationale.fr,Droite Républicaine,Orne (3e circonscription)
Mme Chantal Jourdan,Normandie,Orne,chantal.jourdan@assemblee-nationale.fr,Socialistes et apparentés,Orne (1re circonscription)
Mme Christine Loir,Normandie,Eure,christine.loir@assemblee-nationale.fr,Rassemblement National,Eure (1re circonscription)
Mme Florence Herouin-Léautey,Normandie,Seine-Maritime,florence.herouin-leautey@assemblee-nationale.fr,Socialistes et apparentés,Seine-Maritime (1re circonscription)
Mme Katiana Levavasseur,Normandie,Eure,katiana.levavasseur@assemblee-nationale.fr,Rassemblement National,Eure (2e circonscription)
Mme Marie-Agnès Poussier-Winsback,Normandie,Seine-Maritime,marieagnes.poussier-winsback@assemblee-nationale.fr,Horizons & Indépendants,Seine-Maritime (9e circonscription)
Mme Élisabeth Borne,Normandie,Calvados,elisabeth.borne@assemblee-nationale.fr,Ensemble pour la République,Calvados (6e circonscription)
M. Alain David,Nouvelle-Aquitaine,Gironde,Alain.David@assemblee-nationale.fr,Socialistes et apparentés,Gironde (4e circonscription)
M. Bartolomé Lenoir,Nouvelle-Aquitaine,Creuse,bartolome.lenoir@assemblee-nationale.fr,Union des droites pour la République,Creuse (1re circonscription)
M. Bastien Marchive,Nouvelle-Aquitaine,Deux-Sèvres,bastien.marchive@assemblee-nationale.fr,Ensemble pour la République,Deux-Sèvres (1re circonscription)
M. Benoît Biteau,Nouvelle-Aquitaine,Charente-Maritime,benoit.biteau@assemblee-nationale.fr,Écologiste et Social,Charente-Maritime (2e circonscription)
M. Boris Vallaud,Nouvelle-Aquitaine,Landes,Boris.Vallaud@assemblee-nationale.fr,Socialistes et apparentés,Landes (3e circonscription)
M. Christophe Plassard,Nouvelle-Aquitaine,Charente-Maritime,christophe.plassard@assemblee-nationale.fr,Horizons & Indépendants,Charente-Maritime (5e circonscription)
M. Damien Maudet,Nouvelle-Aquitaine,Haute-Vienne,damien.maudet@assemblee-nationale.fr,La France insoumise - Nouveau Front Populaire,Haute-Vienne (1re circonscription)
M. David Habib,Nouvelle-Aquitaine,Pyrénées-Atlantiques,David.Habib@assemblee-nationale.fr,"Libertés, Indépendants, Outre-mer et Territoires",Pyrénées-Atlantiques (3e circonscription)
M. Fabrice Barusseau,Nouvelle-Aquitaine,Charente-Maritime,fabrice.barusseau@assemblee-nationale.fr,Socialistes et apparentés,Charente-Maritime (3e circonscription)
M. François Hollande,Nouvelle-Aquitaine,Corrèze,francois.hollande@assemblee-nationale.fr,Socialistes et apparentés,Corrèze (1re circonscription)
M. Iñaki Echaniz,Nouvelle-Aquitaine,Pyrénées-Atlantiques,inaki.echaniz@assemblee-nationale.fr,Socialistes et apparentés,Pyrénées-Atlantiques (4e circonscription)
M. Jean-Marie Fiévet,Nouvelle-Aquitaine,Deux-Sèvres,Jean-Marie.Fievet@assemblee-nationale.fr,Ensemble pour la République,Deux-Sèvres (3e circonscription)
M. Jean-Paul Mattei,Nouvelle-Aquitaine,Pyrénées-Atlantiques,Jean-Paul.Mattei@assemblee-nationale.fr,Les Démocrates,Pyrénées-Atlantiques (2e circonscription)
M. Lionel Causse,Nouvelle-Aquitaine,Landes,Lionel.Causse@assemblee-nationale.fr,Ensemble pour la République,Landes (2e circonscription)
M. Loïc Prud'homme,Nouvelle-Aquitaine,Gironde,Loic.Prudhomme@assemblee-nationale.fr,La France insoumise - Nouveau Front Populaire,Gironde (3e circonscription)
M. Michel Lauzzana,Nouvelle-Aquitaine,Lot-et-Garonne,Michel.Lauzzana@assemblee-nationale.fr,Ensemble pour la République,Lot-et-Garonne (1re circonscription)
M. Nicolas Thierry,Nouvelle-Aquitaine,Gironde,nicolas.thierry@assemblee-nationale.fr,Écologiste et Social,Gironde (2e circonscription)
M. Nicolas Turquois,Nouvelle-Aquitaine,Vienne,Nicolas.Turquois@assemblee-nationale.fr,Les Démocrates,Vienne (4e circonscription)
M. Pascal Lecamp,Nouvelle-Aquitaine,Vienne,pascal.lecamp@assemblee-nationale.fr,Les Démocrates,Vienne (3e circonscription)
M. Pascal Markowsky,Nouvelle-Aquitaine,Charente-Maritime,pascal.markowsky@assemblee-nationale.fr,Rassemblement National,Charente-Maritime (4e circonscription)
M. Peio Dufau,Nouvelle-Aquitaine,Pyrénées-Atlantiques,peio.dufau@assemblee-nationale.fr,Socialistes et apparentés,Pyrénées-Atlantiques (6e circonscription)
M. René Pilato,Nouvelle-Aquitaine,Charente,rene.pilato@assemblee-nationale.fr,La France insoumise - Nouveau Front Populaire,Charente (1re circonscription)
M. Sacha Houlié,Nouvelle-Aquitaine,Vienne,Sacha.Houlie@assemblee-nationale.fr,Socialistes et apparentés,Vienne (2e circonscription)
M. Serge Muller,Nouvelle-Aquitaine,Dordogne,serge.muller@assemblee-nationale.fr,Rassemblement National,Dordogne (2e circonscription)
M. Stéphane Delautrette,Nouvelle-Aquitaine,Haute-Vienne,stephane.delautrette@assemblee-nationale.fr,Socialistes et apparentés,Haute-Vienne (2e circonscription)
M. Sébastien Peytavie,Nouvelle-Aquitaine,Dordogne,sebastien.peytavie@assemblee-nationale.fr,Écologiste et Social,Dordogne (4e circonscription)
M. Sébastien Saint-Pasteur,Nouvelle-Aquitaine,Gironde,sebastien.saint-pasteur@assemblee-nationale.fr,Socialistes et apparentés,Gironde (7e circonscription)
Mme Alexandra Martin (Gironde),Nouvelle-Aquitaine,Gironde,alexandra.martin.gironde@assemblee-nationale.fr,Ensemble pour la République,Gironde (1re circonscription)
Mme Caroline Colombier,Nouvelle-Aquitaine,Charente,caroline.colombier@assemblee-nationale.fr,Rassemblement National,Charente (3e circonscription)
Mme Colette Capdevielle,Nouvelle-Aquitaine,Pyrénées-Atlantiques,colette.capdevielle@assemblee-nationale.fr,Socialistes et apparentés,Pyrénées-Atlantiques (5e circonscription)
Mme Delphine Batho,Nouvelle-Aquitaine,Deux-Sèvres,Delphine.Batho@assemblee-nationale.fr,Écologiste et Social,Deux-Sèvres (2e circonscription)
Mme Edwige Diaz,Nouvelle-Aquitaine,Gironde,edwige.diaz@assemblee-nationale.fr,Rassemblement National,Gironde (11e circonscription)
Mme Emeline Rey-Rinchet,Nouvelle-Aquitaine,Lot-et-Garonne,emeline.rey@assemblee-nationale.fr,Droite Républicaine,Lot-et-Garonne (3e circonscription)
Mme Florence Joubert,Nouvelle-Aquitaine,Dordogne,florence.joubert@assemblee-nationale.fr,Rassemblement National,Dordogne (3e circonscription)
Mme Frédérique Meunier,Nouvelle-Aquitaine,Corrèze,Frederique.Meunier@assemblee-nationale.fr,Droite Républicaine,Corrèze (2e circonscription)
Mme Geneviève Darrieussecq,Nouvelle-Aquitaine,Landes,genevieve.darrieussecq@assemblee-nationale.fr,Les Démocrates,Landes (1re circonscription)
Mme Hélène Laporte,Nouvelle-Aquitaine,Lot-et-Garonne,helene.laporte@assemblee-nationale.fr,Rassemblement National,Lot-et-Garonne (2e circonscription)
Mme Josy Poueyto,Nouvelle-Aquitaine,Pyrénées-Atlantiques,Josy.Poueyto@assemblee-nationale.fr,Les Démocrates,Pyrénées-Atlantiques (1re circonscription)
Mme Lisa Belluco,Nouvelle-Aquitaine,Vienne,lisa.belluco@assemblee-nationale.fr,Écologiste et Social,Vienne (1re circonscription)
Mme Manon Meunier,Nouvelle-Aquitaine,Haute-Vienne,manon.meunier@assemblee-nationale.fr,La France insoumise - Nouveau Front Populaire,Haute-Vienne (3e circonscription)
Mme Marie Récalde,Nouvelle-Aquitaine,Gironde,marie.recalde@assemblee-nationale.fr,Socialistes et apparentés,Gironde (6e circonscription)
Mme Marie-Sophie Bernadeau,Nouvelle-Aquitaine,Gironde,marie-sophie.bernadeau@assemblee-nationale.fr,Ensemble pour la République,Gironde (10e circonscription)
Mme Mathilde Feld,Nouvelle-Aquitaine,Gironde,mathilde.feld@assemblee-nationale.fr,La France insoumise - Nouveau Front Populaire,Gironde (12e circonscription)
Mme Nadine Lechon,Nouvelle-Aquitaine,Dordogne,nadine.lechon@assemblee-nationale.fr,Rassemblement National,Dordogne (1re circonscription)
Mme Pascale Got,Nouvelle-Aquitaine,Gironde,pascale.got@assemblee-nationale.fr,Socialistes et apparentés,Gironde (5e circonscription)
Mme Sabine Gervais,Nouvelle-Aquitaine,Charente-Maritime,sabine.gervais@assemblee-nationale.fr,Les Démocrates,Charente-Maritime (1re circonscription)
Mme Sandra Marsaud,Nouvelle-Aquitaine,Charente,Sandra.Marsaud@assemblee-nationale.fr,Ensemble pour la République,Charente (2e circonscription)
Mme Sophie Mette,Nouvelle-Aquitaine,Gironde,Sophie.Mette@assemblee-nationale.fr,Les Démocrates,Gironde (9e circonscription)
Mme Sophie Panonacle,Nouvelle-Aquitaine,Gironde,Sophie.Panonacle@assemblee-nationale.fr,Ensemble pour la République,Gironde (8e circonscription)
M. Emmanuel Tjibaou,Nouvelle-Calédonie,Nouvelle-Calédonie,emmanuel.tjibaou@assemblee-nationale.fr,Gauche Démocrate et Républicaine,Nouvelle-Calédonie (2e circonscription)
M. Nicolas Metzdorf,Nouvelle-Calédonie,Nouvelle-Calédonie,nicolas.metzdorf@assemblee-nationale.fr,Ensemble pour la République,Nouvelle-Calédonie (1re circonscription)
M. Alexandre Allegret-Pilot,Occitanie,Gard,alexandre.allegret-pilot@assemblee-nationale.fr,Union des droites pour la République,Gard (5e circonscription)
M. Arnaud Simion,Occitanie,Haute-Garonne,arnaud.simion@assemblee-nationale.fr,Socialistes et apparentés,Haute-Garonne (6e circonscription)
M. Aurélien Pradié,Occitanie,Lot,Aurelien.Pradie@assemblee-nationale.fr,Non inscrit,Lot (1re circonscription)
M. Bernard Chaumeil,Occitanie,Hérault,bernard.chaumeil@assemblee-nationale.fr,Rassemblement National,Hérault (7e circonscription)
M. Charles Alloncle,Occitanie,Hérault,charles.alloncle@assemblee-nationale.fr,Union des droites pour la République,Hérault (9e circonscription)
M. Christophe Bex,Occitanie,Haute-Garonne,christophe.bex@assemblee-nationale.fr,La France insoumise - Nouveau Front Populaire,Haute-Garonne (7e circonscription)
M. Christophe Proença,Occitanie,Lot,christophe.proenca@assemblee-nationale.fr,Socialistes et apparentés,Lot (2e circonscription)
M. David Taupiac,Occitanie,Gers,david.taupiac@assemblee-nationale.fr,"Libertés, Indépendants, Outre-mer et Territoires",Gers (2e circonscription)
M. Denis Fégné,Occitanie,Hautes-Pyrénées,denis.fegne@assemblee-nationale.fr,Socialistes et apparentés,Hautes-Pyrénées (2e circonscription)
M. François Piquemal,Occitanie,Haute-Garonne,francois.piquemal@assemblee-nationale.fr,La France insoumise - Nouveau Front Populaire,Haute-Garonne (4e circonscription)
M. Frédéric Falcon,Occitanie,Aude,frederic.falcon@assemblee-nationale.fr,Rassemblement National,Aude (2e circonscription)
M. Hadrien Clouet,Occitanie,Haute-Garonne,hadrien.clouet@assemblee-nationale.fr,La France insoumise - Nouveau Front Populaire,Haute-Garonne (1re circonscription)
M. Jacques Oberti,Occitanie,Haute-Garonne,jacques.oberti@assemblee-nationale.fr,Socialistes et apparentés,Haute-Garonne (10e circonscription)
M. Jean Terlier,Occitanie,Tarn,Jean.Terlier@assemblee-nationale.fr,Ensemble pour la République,Tarn (3e circonscription)
M. Jean-François Portarrieu,Occitanie,Haute-Garonne,Jean-Francois.Portarrieu@assemblee-nationale.fr,Horizons & Indépendants,Haute-Garonne (5e circonscription)
M. Jean-François Rousset,Occitanie,Aveyron,jean-francois.rousset@assemblee-nationale.fr,Ensemble pour la République,Aveyron (3e circonscription)
M. Jean-Louis Roumégas,Occitanie,Hérault,jean-louis.roumegas@assemblee-nationale.fr,Écologiste et Social,Hérault (1re circonscription)
M. Jean-René Cazeneuve,Occitanie,Gers,Jean-Rene.Cazeneuve@assemblee-nationale.fr,Ensemble pour la République,Gers (1re circonscription)
M. Joël Aviragnet,Occitanie,Haute-Garonne,Joel.Aviragnet@assemblee-nationale.fr,Socialistes et apparentés,Haute-Garonne (8e circonscription)
M. Julien Gabarron,Occitanie,Hérault,julien.gabarron@assemblee-nationale.fr,Rassemblement National,Hérault (6e circonscription)
M. Julien Rancoule,Occitanie,Aude,julien.rancoule@assemblee-nationale.fr,Rassemblement National,Aude (3e circonscription)
M. Laurent Alexandre,Occitanie,Aveyron,laurent.alexandre@assemblee-nationale.fr,La France insoumise - Nouveau Front Populaire,Aveyron (2e circonscription)
M. Nicolas Meizonnet,Occitanie,Gard,nicolas.meizonnet@assemblee-nationale.fr,Rassemblement National,Gard (2e circonscription)
M. Philippe Bonnecarrère,Occitanie,Tarn,philippe.bonnecarrere@assemblee-nationale.fr,Non inscrit,Tarn (1re circonscription)
M. Pierre Meurin,Occitanie,Gard,pierre.meurin@assemblee-nationale.fr,Rassemblement National,Gard (4e circonscription)
M. Pierre-Henri Carbonnel,Occitanie,Tarn-et-Garonne,pierre-henri.carbonnel@assemblee-nationale.fr,Union des droites pour la République,Tarn-et-Garonne (1re circonscription)
M. Sylvain Carrière,Occitanie,Hérault,sylvain.carriere@assemblee-nationale.fr,La France insoumise - Nouveau Front Populaire,Hérault (8e circonscription)
M. Yoann Gillet,Occitanie,Gard,yoann.gillet@assemblee-nationale.fr,Rassemblement National,Gard (1re circonscription)
M. Édouard Jordan,Occitanie,Aude,edouard.jordan@assemblee-nationale.fr,Rassemblement National,Aude (1re circonscription)
Mme Anaïs Sabatini,Occitanie,Pyrénées-Orientales,anais.sabatini@assemblee-nationale.fr,Rassemblement National,Pyrénées-Orientales (2e circonscription)
Mme Anne Stambach-Terrenoir,Occitanie,Haute-Garonne,anne.stambach-terrenoir@assemblee-nationale.fr,La France insoumise - Nouveau Front Populaire,Haute-Garonne (2e circonscription)
Mme Audrey Abadie-Amiel,Occitanie,Ariège,audrey.abadie@assemblee-nationale.fr,"Libertés, Indépendants, Outre-mer et Territoires",Ariège (2e circonscription)
Mme Catherine Dellong Meng,Occitanie,Gard,catherine.dellongmeng@assemblee-nationale.fr,Rassemblement National,Gard (3e circonscription)
Mme Christine Arrighi,Occitanie,Haute-Garonne,christine.arrighi@assemblee-nationale.fr,Écologiste et Social,Haute-Garonne (9e circonscription)
Mme Corinne Vignon,Occitanie,Haute-Garonne,Corinne.Vignon@assemblee-nationale.fr,Ensemble pour la République,Haute-Garonne (3e circonscription)
Mme Fanny Dombre Coste,Occitanie,Hérault,fanny.dombrecoste@assemblee-nationale.fr,Socialistes et apparentés,Hérault (3e circonscription)
Mme Karen Erodi,Occitanie,Tarn,karen.erodi@assemblee-nationale.fr,La France insoumise - Nouveau Front Populaire,Tarn (2e circonscription)
Mme Manon Bouquin,Occitanie,Hérault,manon.bouquin@assemblee-nationale.fr,Rassemblement National,Hérault (4e circonscription)
Mme Marine Hamelet,Occitanie,Tarn-et-Garonne,marine.hamelet@assemblee-nationale.fr,Rassemblement National,Tarn-et-Garonne (2e circonscription)
Mme Martine Froger,Occitanie,Ariège,martine.froger@assemblee-nationale.fr,Socialistes et apparentés,Ariège (1re circonscription)
Mme Michèle Martinez,Occitanie,Pyrénées-Orientales,michele.martinez@assemblee-nationale.fr,Rassemblement National,Pyrénées-Orientales (4e circonscription)
Mme Nathalie Oziol,Occitanie,Hérault,nathalie.oziol@assemblee-nationale.fr,La France insoumise - Nouveau Front Populaire,Hérault (2e circonscription)
Mme Pauline Cestrières,Occitanie,Aveyron,pauline.cestrieres@assemblee-nationale.fr,Ensemble pour la République,Aveyron (1re circonscription)
Mme Sandrine Dogor-Such,Occitanie,Pyrénées-Orientales,sandrine.dogor-such@assemblee-nationale.fr,Rassemblement National,Pyrénées-Orientales (3e circonscription)
Mme Sophie Blanc,Occitanie,Pyrénées-Orientales,sophie.blanc@assemblee-nationale.fr,Rassemblement National,Pyrénées-Orientales (1re circonscription)
Mme Sophie Pantel,Occitanie,Lozère,sophie.pantel@assemblee-nationale.fr,Socialistes et apparentés,Lozère (1re circonscription)
Mme Stéphanie Galzy,Occitanie,Hérault,stephanie.galzy@assemblee-nationale.fr,Rassemblement National,Hérault (5e circonscription)
Mme Sylvie Ferrer,Occitanie,Hautes-Pyrénées,sylvie.ferrer@assemblee-nationale.fr,La France insoumise - Nouveau Front Populaire,Hautes-Pyrénées (1re circonscription)
Mme Sylvie Josserand,Occitanie,Gard,sylvie.josserand@assemblee-nationale.fr,Rassemblement National,Gard (6e circonscription)
M. Andy Kerbrat,Pays de la Loire,Loire-Atlantique,andy.kerbrat@assemblee-nationale.fr,La France insoumise - Nouveau Front Populaire,Loire-Atlantique (2e circonscription)
M. Denis Masséglia,Pays de la Loire,Maine-et-Loire,Denis.Masseglia@assemblee-nationale.fr,Ensemble pour la République,Maine-et-Loire (5e circonscription)
M. Dominique Paillat,Pays de la Loire,Vendée,dominique.paillat@assemblee-nationale.fr,Horizons & Indépendants,Vendée (2e circonscription)
M. Fabrice Roussel,Pays de la Loire,Loire-Atlantique,fabrice.roussel@assemblee-nationale.fr,Socialistes et apparentés,Loire-Atlantique (5e circonscription)
M. François Gernigon,Pays de la Loire,Maine-et-Loire,francois.gernigon@assemblee-nationale.fr,Horizons & Indépendants,Maine-et-Loire (1re circonscription)
M. Guillaume Garot,Pays de la Loire,Mayenne,Guillaume.Garot@assemblee-nationale.fr,Socialistes et apparentés,Mayenne (1re circonscription)
M. Jean-Carles Grelier,Pays de la Loire,Sarthe,Jean-Carles.Grelier@assemblee-nationale.fr,Les Démocrates,Sarthe (5e circonscription)
M. Jean-Claude Raux,Pays de la Loire,Loire-Atlantique,jean-claude.raux@assemblee-nationale.fr,Écologiste et Social,Loire-Atlantique (6e circonscription)
M. Jean-Michel Brard,Pays de la Loire,Loire-Atlantique,jean-michel.brard@assemblee-nationale.fr,Horizons & Indépendants,Loire-Atlantique (9e circonscription)
M. Karim Benbrahim,Pays de la Loire,Loire-Atlantique,karim.benbrahim@assemblee-nationale.fr,Socialistes et apparentés,Loire-Atlantique (1re circonscription)
M. Matthias Tavel,Pays de la Loire,Loire-Atlantique,matthias.tavel@assemblee-nationale.fr,La France insoumise - Nouveau Front Populaire,Loire-Atlantique (8e circonscription)
M. Philippe Latombe,Pays de la Loire,Vendée,Philippe.Latombe@assemblee-nationale.fr,Les Démocrates,Vendée (1re circonscription)
M. Pierre Henriet,Pays de la Loire,Vendée,Pierre.Henriet@assemblee-nationale.fr,Horizons & Indépendants,Vendée (5e circonscription)
M. Stéphane Buchou,Pays de la Loire,Vendée,Stephane.Buchou@assemblee-nationale.fr,Ensemble pour la République,Vendée (3e circonscription)
M. Yannick Favennec-Bécot,Pays de la Loire,Mayenne,Yannick.Favennec@assemblee-nationale.fr,"Libertés, Indépendants, Outre-mer et Territoires",Mayenne (3e circonscription)
M. Éric Martineau,Pays de la Loire,Sarthe,eric.martineau@assemblee-nationale.fr,Les Démocrates,Sarthe (3e circonscription)
Mme Anne-Laure Blin,Pays de la Loire,Maine-et-Loire,anne-laure.blin@assemblee-nationale.fr,Droite Républicaine,Maine-et-Loire (3e circonscription)
Mme Géraldine Bannier,Pays de la Loire,Mayenne,Geraldine.Bannier@assemblee-nationale.fr,Les Démocrates,Mayenne (2e circonscription)
Mme Julie Delpech,Pays de la Loire,Sarthe,julie.delpech@assemblee-nationale.fr,Ensemble pour la République,Sarthe (1re circonscription)
Mme Julie Laernoes,Pays de la Loire,Loire-Atlantique,julie.laernoes@assemblee-nationale.fr,Écologiste et Social,Loire-Atlantique (4e circonscription)
Mme Laetitia Saint-Paul,Pays de la Loire,Maine-et-Loire,Laetitia.Saint-Paul@assemblee-nationale.fr,Horizons & Indépendants,Maine-et-Loire (4e circonscription)
Mme Marietta Karamanli,Pays de la Loire,Sarthe,Marietta.Karamanli@assemblee-nationale.fr,Socialistes et apparentés,Sarthe (2e circonscription)
Mme Nicole Dubré-Chirat,Pays de la Loire,Maine-et-Loire,Nicole.Dubre-Chirat@assemblee-nationale.fr,Ensemble pour la République,Maine-et-Loire (6e circonscription)
Mme Patricia Maussion,Pays de la Loire,Maine-et-Loire,patricia.maussion@assemblee-nationale.fr,Les Démocrates,Maine-et-Loire (7e circonscription)
Mme Sandrine Josso,Pays de la Loire,Loire-Atlantique,Sandrine.Josso@assemblee-nationale.fr,Les Démocrates,Loire-Atlantique (7e circonscription)
Mme Sophie Errante,Pays de la Loire,Loire-Atlantique,Sophie.Errante@assemblee-nationale.fr,Non inscrit,Loire-Atlantique (10e circonscription)
Mme Stella Dupont,Pays de la Loire,Maine-et-Loire,Stella.Dupont@assemblee-nationale.fr,Non inscrit,Maine-et-Loire (2e circonscription)
Mme Ségolène Amiot,Pays de la Loire,Loire-Atlantique,segolene.amiot@assemblee-nationale.fr,La France insoumise - Nouveau Front Populaire,Loire-Atlantique (3e circonscription)
Mme Véronique Besse,Pays de la Loire,Vendée,veronique.besse@assemblee-nationale.fr,Non inscrit,Vendée (4e circonscription)
Mme Élise Leboucher,Pays de la Loire,Sarthe,elise.leboucher@assemblee-nationale.fr,La France insoumise - Nouveau Front Populaire,Sarthe (4e circonscription)
M. Moerani Frébault,Polynésie française,Polynésie Française,moerani.frebault@assemblee-nationale.fr,Ensemble pour la République,Polynésie Française (1re circonscription)
Mme Mereana Reid Arbelot,Polynésie française,Polynésie Française,mereana.reidarbelot@assemblee-nationale.fr,Gauche Démocrate et Républicaine,Polynésie Française (3e circonscription)
Mme Nicole Sanquer,Polynésie française,Polynésie Française,nicole.sanquer@assemblee-nationale.fr,"Libertés, Indépendants, Outre-mer et Territoires",Polynésie Française (2e circonscription)
M. Bernard Chaix,Provence-Alpes-Côte d'Azur,Alpes-Maritimes,bernard.chaix@assemblee-nationale.fr,Union des droites pour la République,Alpes-Maritimes (3e circonscription)
M. Christian Girard,Provence-Alpes-Côte d'Azur,Alpes-de-Haute-Provence,christian.girard@assemblee-nationale.fr,Rassemblement National,Alpes-de-Haute-Provence (1re circonscription)
M. Cyril Tribuiani,Provence-Alpes-Côte d'Azur,Alpes-Maritimes,cyril.tribuiani@assemblee-nationale.fr,Rassemblement National,Alpes-Maritimes (6e circonscription)
M. Emmanuel Fouquart,Provence-Alpes-Côte d'Azur,Bouches-du-Rhône,emmanuel.fouquart@assemblee-nationale.fr,Rassemblement National,Bouches-du-Rhône (13e circonscription)
M. Emmanuel Taché,Provence-Alpes-Côte d'Azur,Bouches-du-Rhône,emmanuel.tache@assemblee-nationale.fr,Rassemblement National,Bouches-du-Rhône (16e circonscription)
M. Franck Allisio,Provence-Alpes-Côte d'Azur,Bouches-du-Rhône,franck.allisio@assemblee-nationale.fr,Rassemblement National,Bouches-du-Rhône (12e circonscription)
M. Frank Giletti,Provence-Alpes-Côte d'Azur,Var,frank.giletti@assemblee-nationale.fr,Rassemblement National,Var (6e circonscription)
M. Frédéric Boccaletti,Provence-Alpes-Côte d'Azur,Var,frederic.boccaletti@assemblee-nationale.fr,Rassemblement National,Var (7e circonscription)
M. Gabriel Tomatis,Provence-Alpes-Côte d'Azur,Alpes-Maritimes,gabriel.tomatis@assemblee-nationale.fr,Rassemblement National,Alpes-Maritimes (4e circonscription)
M. Gérault Verny,Provence-Alpes-Côte d'Azur,Bouches-du-Rhône,gerault.verny@assemblee-nationale.fr,Union des droites pour la République,Bouches-du-Rhône (14e circonscription)
M. Hendrik Davi,Provence-Alpes-Côte d'Azur,Bouches-du-Rhône,hendrik.davi@assemblee-nationale.fr,Écologiste et Social,Bouches-du-Rhône (5e circonscription)
M. Hervé de Lépinau,Provence-Alpes-Côte d'Azur,Vaucluse,herve.delepinau@assemblee-nationale.fr,Rassemblement National,Vaucluse (3e circonscription)
M. José Gonzalez,Provence-Alpes-Côte d'Azur,Bouches-du-Rhône,jose.gonzalez@assemblee-nationale.fr,Rassemblement National,Bouches-du-Rhône (10e circonscription)
M. Laurent Lhardit,Provence-Alpes-Côte d'Azur,Bouches-du-Rhône,laurent.lhardit@assemblee-nationale.fr,Socialistes et apparentés,Bouches-du-Rhône (2e circonscription)
M. Lionel Tivoli,Provence-Alpes-Côte d'Azur,Alpes-Maritimes,lionel.tivoli@assemblee-nationale.fr,Rassemblement National,Alpes-Maritimes (2e circonscription)
M. Manuel Bompard,Provence-Alpes-Côte d'Azur,Bouches-du-Rhône,manuel.bompard@assemblee-nationale.fr,La France insoumise - Nouveau Front Populaire,Bouches-du-Rhône (4e circonscription)
M. Marc Pena,Provence-Alpes-Côte d'Azur,Bouches-du-Rhône,marc.pena@assemblee-nationale.fr,Socialistes et apparentés,Bouches-du-Rhône (11e circonscription)
M. Olivier Fayssat,Provence-Alpes-Côte d'Azur,Bouches-du-Rhône,olivier.fayssat@assemblee-nationale.fr,Union des droites pour la République,Bouches-du-Rhône (6e circonscription)
M. Philippe Lottiaux,Provence-Alpes-Côte d'Azur,Var,philippe.lottiaux@assemblee-nationale.fr,Rassemblement National,Var (4e circonscription)
M. Philippe Schreck,Provence-Alpes-Côte d'Azur,Var,philippe.schreck@assemblee-nationale.fr,Rassemblement National,Var (8e circonscription)
M. Raphaël Arnault,Provence-Alpes-Côte d'Azur,Vaucluse,raphael.arnault@assemblee-nationale.fr,La France insoumise - Nouveau Front Populaire,Vaucluse (1re circonscription)
M. Romain Baubry,Provence-Alpes-Côte d'Azur,Bouches-du-Rhône,romain.baubry@assemblee-nationale.fr,Rassemblement National,Bouches-du-Rhône (15e circonscription)
M. Romain Tonussi,Provence-Alpes-Côte d'Azur,Bouches-du-Rhône,romain.tonussi@assemblee-nationale.fr,Rassemblement National,Bouches-du-Rhône (8e circonscription)
M. Stéphane Rambaud,Provence-Alpes-Côte d'Azur,Var,stephane.rambaud@assemblee-nationale.fr,Rassemblement National,Var (3e circonscription)
M. Sébastien Delogu,Provence-Alpes-Côte d'Azur,Bouches-du-Rhône,sebastien.delogu@assemblee-nationale.fr,La France insoumise - Nouveau Front Populaire,Bouches-du-Rhône (7e circonscription)
M. Yannick Chenevard,Provence-Alpes-Côte d'Azur,Var,yannick.chenevard@assemblee-nationale.fr,Ensemble pour la République,Var (1re circonscription)
M. Éric Ciotti,Provence-Alpes-Côte d'Azur,Alpes-Maritimes,Eric.Ciotti@assemblee-nationale.fr,Union des droites pour la République,Alpes-Maritimes (1re circonscription)
M. Éric Pauget,Provence-Alpes-Côte d'Azur,Alpes-Maritimes,Eric.Pauget@assemblee-nationale.fr,Droite Républicaine,Alpes-Maritimes (7e circonscription)
Mme Alexandra Martin (Alpes-Maritimes),Provence-Alpes-Côte d'Azur,Alpes-Maritimes,alexandra.martin@assemblee-nationale.fr,Droite Républicaine,Alpes-Maritimes (8e circonscription)
Mme Bénédicte Auzanot,Provence-Alpes-Côte d'Azur,Vaucluse,benedicte.auzanot@assemblee-nationale.fr,Rassemblement National,Vaucluse (2e circonscription)
Mme Catherine Rimbert,Provence-Alpes-Côte d'Azur,Vaucluse,catherine.rimbert@assemblee-nationale.fr,Rassemblement National,Vaucluse (5e circonscription)
Mme Christelle D'Intorni,Provence-Alpes-Côte d'Azur,Alpes-Maritimes,christelle.dintorni@assemblee-nationale.fr,Union des droites pour la République,Alpes-Maritimes (5e circonscription)
Mme Gisèle Lelouis,Provence-Alpes-Côte d'Azur,Bouches-du-Rhône,gisele.lelouis@assemblee-nationale.fr,Rassemblement National,Bouches-du-Rhône (3e circonscription)
Mme Joëlle Mélin,Provence-Alpes-Côte d'Azur,Bouches-du-Rhône,joelle.melin@assemblee-nationale.fr,Rassemblement National,Bouches-du-Rhône (9e circonscription)
Mme Julie Lechanteux,Provence-Alpes-Côte d'Azur,Var,julie.lechanteux@assemblee-nationale.fr,Rassemblement National,Var (5e circonscription)
Mme Laure Lavalette,Provence-Alpes-Côte d'Azur,Var,laure.lavalette@assemblee-nationale.fr,Rassemblement National,Var (2e circonscription)
Mme Marie-France Lorho,Provence-Alpes-Côte d'Azur,Vaucluse,Marie-France.Lorho@assemblee-nationale.fr,Rassemblement National,Vaucluse (4e circonscription)
Mme Marie-José Allemand,Provence-Alpes-Côte d'Azur,Hautes-Alpes,marie-jose.allemand@assemblee-nationale.fr,Socialistes et apparentés,Hautes-Alpes (1re circonscription)
Mme Michèle Tabarot,Provence-Alpes-Côte d'Azur,Alpes-Maritimes,Michele.Tabarot@assemblee-nationale.fr,Droite Républicaine,Alpes-Maritimes (9e circonscription)
Mme Monique Griseti,Provence-Alpes-Côte d'Azur,Bouches-du-Rhône,monique.griseti@assemblee-nationale.fr,Rassemblement National,Bouches-du-Rhône (1re circonscription)
Mme Sophie Ricourt Vaginay,Provence-Alpes-Côte d'Azur,Alpes-de-Haute-Provence,sophie.vaginay@assemblee-nationale.fr,Union des droites pour la République,Alpes-de-Haute-Provence (2e circonscription)
Mme Valérie Rossi,Provence-Alpes-Côte d'Azur,Hautes-Alpes,valerie.rossi@assemblee-nationale.fr,Socialistes et apparentés,Hautes-Alpes (2e circonscription)
M. Frédéric Maillot,Réunion,Réunion,frederic.maillot@assemblee-nationale.fr,Gauche Démocrate et Républicaine,Réunion (6e circonscription)
M. Jean-Hugues Ratenon,Réunion,Réunion,Jean-Hugues.Ratenon@assemblee-nationale.fr,La France insoumise - Nouveau Front Populaire,Réunion (5e circonscription)
M. Joseph Rivière,Réunion,Réunion,joseph.riviere@assemblee-nationale.fr,Rassemblement National,Réunion (3e circonscription)
M. Perceval Gaillard,Réunion,Réunion,perceval.gaillard@assemblee-nationale.fr,La France insoumise - Nouveau Front Populaire,Réunion (7e circonscription)
M. Philippe Naillet,Réunion,Réunion,philippe.naillet@assemblee-nationale.fr,Socialistes et apparentés,Réunion (1re circonscription)
Mme Karine Lebon,Réunion,Réunion,karine.lebon@assemblee-nationale.fr,Gauche Démocrate et Républicaine,Réunion (2e circonscription)
Mme Émeline K/Bidi,Réunion,Réunion,emeline.kbidi@assemblee-nationale.fr,Gauche Démocrate et Républicaine,Réunion (4e circonscription)
M. Frantz Gumbs,Saint-Barthélemy et Saint-Martin,Saint-Barthélemy et Saint-Martin,frantz.gumbs@assemblee-nationale.fr,Les Démocrates,Saint-Barthélemy et Saint-Martin (1re circonscription)
M. Stéphane Lenormand,Saint-Pierre-et-Miquelon,Saint-Pierre-et-Miquelon,stephane.lenormand@assemblee-nationale.fr,"Libertés, Indépendants, Outre-mer et Territoires",Saint-Pierre-et-Miquelon (1re circonscription)
M. Mikaele Seo,Wallis-et-Futuna,Wallis-et-Futuna,mikaele.seo@assemblee-nationale.fr,Ensemble pour la République,Wallis-et-Futuna (1re circonscription)
